tweet_id,text,created_at_utc,created_at_et,lang,is_retweet,is_reply,is_quote,conversation_id,like_count,retweet_count,reply_count,quote_count,engagement_score
1962968656062603624,@TutaPrivacy they copying the worst parts of apple,2025-09-02T19:59:32+00:00,2025-09-02T15:59:32-04:00,en,False,True,False,1962829143478775869,27,0,0,0,5.291503
1962968749058797577,Hot honey in apple &amp; cinnamon tea ohmygod please,2025-09-02T19:59:54+00:00,2025-09-02T15:59:54-04:00,en,False,False,False,1962968749058797577,12,0,1,0,3.741657
1962968727344865403,the way everyone agrees that caleb would get the ugly ass orange iphone https://t.co/uAtagBkBgq,2025-09-02T19:59:49+00:00,2025-09-02T15:59:49-04:00,en,False,False,False,1962968727344865403,5,0,1,0,2.645751
1962968660886073681,Mac to the dog in that one episode,2025-09-02T19:59:33+00:00,2025-09-02T15:59:33-04:00,en,False,False,False,1962968660886073681,5,0,0,0,2.449490
1962968736626884966,@horhey98 @Daily_Hotspur @TheAthleticFC Go on the page and hit the Reader option on the top left (if you‚Äôre on iPhone),2025-09-02T19:59:51+00:00,2025-09-02T15:59:51-04:00,en,False,True,False,1962853356851900837,2,0,1,0,2.000000
1962968754977132853,@hoopintnoor That Mac and cheese is diabolical,2025-09-02T19:59:56+00:00,2025-09-02T15:59:56-04:00,en,False,True,False,1962950287133450727,1,0,1,0,1.732051
1962968708483346752,send me ur iPad home screens/layouts i wanna redo mine i need inspo!!,2025-09-02T19:59:44+00:00,2025-09-02T15:59:44-04:00,en,False,False,False,1962968708483346752,1,0,1,0,1.732051
1962968764552536545,I am screaming Antiguans are so funny  My dad got my sister an iPhone 16.. we at flow and the lady is like I‚Äôm assuming she excelled in school cause WOW she so shooketh I‚Äôm like same sis same she jus spoilt that is it,2025-09-02T19:59:58+00:00,2025-09-02T15:59:58-04:00,en,False,False,False,1962968764552536545,1,0,0,0,1.414214
1962968749453246567,@_opencv_ I basically use it like how people use apple notes. I don‚Äôt get the hype.,2025-09-02T19:59:54+00:00,2025-09-02T15:59:54-04:00,en,False,True,False,1962628419868582393,1,0,0,0,1.414214
1962968641135128867,@alt_tgbwears Children in Congo are dying for rehashed iPhone 8 designs https://t.co/N94YKWs4YA,2025-09-02T19:59:28+00:00,2025-09-02T15:59:28-04:00,en,False,True,False,1962950769373536347,0,0,1,0,1.414214
1963331115680174576,"Good night, GM tomorrow!  Have you ever watched a product launch so iconic it reshaped the entire industry?  Think of Steve Jobs unveiling the iPhone the moment felt like magic, not just because it was a phone, but because it set a new standard for user expectations.  That‚Äôs what @LABtrade_ recent surge in adoption feels like. The team shared they added 50,000+ new users in just one week.   That surge wasn‚Äôt just numbers it was momentum. Momentum that says: This terminal isn‚Äôt just a tool, it‚Äôs a movement.  Here‚Äôs why it matters to me:  ‚Üí As someone sharing Web3 insights daily, velocity matters. I don‚Äôt want tools that feel stale or niche.  ‚Üí When a platform attracts tens of thousands of users quickly, it means infrastructure is sticking and stories are spreading.  ‚Üí It‚Äôs not hype to say we might be witnessing the iPhone moment of on-chain trading terminals.  Why?  Because expanding mindshare like this sparks network effects: ‚Üí More user-generated strategies in discussions. ‚Üí Referral loops fueling organic awareness. ‚Üí Institutional interest waking up to serious traction.  Personally, I‚Äôve felt it in Telegram groups and mentions discussions are moving faster, use cases multiplying, and the terminal has that everyone‚Äôs talking about it energy.  That‚Äôs powerful.  It doesn‚Äôt guarantee performance but it guarantees relevance.  Steve Jobs didn‚Äôt just sell phones. He shifted expectations.  LAB may not be reinventing hardware, but it‚Äôs redefining what a multichain terminal can be one built around speed, precision, and now, explosive collective adoption.  If adoption is the engine, execution is the fuel. And right now, both are roaring.",2025-09-03T19:59:49+00:00,2025-09-03T15:59:49-04:00,en,False,False,False,1963331115680174576,102,1,115,0,14.832397
1963331147741458625,"APPLE, GOOGLE REACH DEAL TO EVALUATE GEMINI MODEL FOR NEW SIRI    APPLE PLANS TO ROLL OUT AI SEARCH FEATURE IN SIRI NEXT YEAR",2025-09-03T19:59:57+00:00,2025-09-03T15:59:57-04:00,en,False,False,False,1963331147741458625,4,1,0,3,3.391165
1963331139382489389,I need an iPad,2025-09-03T19:59:55+00:00,2025-09-03T15:59:55-04:00,en,False,False,False,1963331139382489389,3,0,2,0,2.449490
1963331100828188770,@StockMKTNewz Apple is a phone company. Steve Jobs wouldn‚Äôt have ever allowed this.,2025-09-03T19:59:46+00:00,2025-09-03T15:59:46-04:00,en,False,True,False,1963330558743679462,3,0,0,0,2.000000
1963331105203142772,@mac_dohm @justinamash I still think it's reverse psychology to get liberals obsessed with the Epstein stuff.  Democrats sounding like Qanon conspiracy theory nuts is kinda sweet.,2025-09-03T19:59:47+00:00,2025-09-03T15:59:47-04:00,en,False,True,False,1963297081419829285,1,0,1,0,1.732051
1963331117135925468,"@wrolarm_05 @yabaleftonline The Pixel 10 Pro XL starts at $1,199.99 for 256GB.  The iPhone 17 Air isn't released yet (event Sept 9), but reports suggest it'll start at $949. Prices may vary by region/storage.",2025-09-03T19:59:49+00:00,2025-09-03T15:59:49-04:00,en,False,True,False,1962915926908797048,0,0,1,0,1.414214
1963331093043491214,@Tigra8306 @Apple Apple is pretty smart they wait for the company‚Äôs like Samsung and google to add features and see what stick and they come and refine that,2025-09-03T19:59:44+00:00,2025-09-03T15:59:44-04:00,en,False,True,False,1960430416629792885,1,0,0,0,1.414214
1963331091361927278,"The markets love a good narrative, and Apple's AI ambitions are certainly a juicy one. But let‚Äôs not forget‚Äîinnovation can often be a smokescreen for underlying issues.   As $AAPL gears up for this rollout, watch for order flow.",2025-09-03T19:59:43+00:00,2025-09-03T15:59:43-04:00,en,False,False,True,1963331091361927278,0,0,1,0,1.414214
1963331156994105441,@DeItaone Apple folded hard,2025-09-03T19:59:59+00:00,2025-09-03T15:59:59-04:00,en,False,True,False,1963330997488889925,0,0,0,0,1.000000
1963331116862976070,@PopBase I was today years old when I learnt IG wasn‚Äôt on iPad üò≤,2025-09-03T19:59:49+00:00,2025-09-03T15:59:49-04:00,en,False,True,False,1963306469899809138,0,0,0,0,1.000000
1963693526816047146,"üåä The Magnificent 7: @Google, @Apple, @Tesla, @amazon, @nvidia, @Meta and @Microsoft now available onchain!   ü§ù",2025-09-04T19:59:55+00:00,2025-09-04T15:59:55-04:00,en,False,False,False,1963693526816047146,67,11,0,0,9.486833
1963693468095582572,All Size to Zero trades shared (Updated) $AAPL 727%    $CAT 455%   $PDD 423%    $CHWY 303%    $ETHA 245%    $DKNG 100%    $PTON 91%  $TSLA 54%  $MP 50%,2025-09-04T19:59:41+00:00,2025-09-04T15:59:41-04:00,en,False,False,False,1963693468095582572,5,1,17,0,5.000000
1963693457911791864,All the Pat Mac dudes are exposing themselves. Corporate sell outs. Old Pat Mac and crew would be enraged about this.,2025-09-04T19:59:38+00:00,2025-09-04T15:59:38-04:00,en,False,False,False,1963693457911791864,5,0,0,0,2.449490
1963693465977397465,@ineedagothgfsm I actually got my iPad out just now,2025-09-04T19:59:40+00:00,2025-09-04T15:59:40-04:00,en,False,True,False,1963692827734647015,1,1,1,0,2.236068
1963693447413682516,"@gunsmoke317 @GetBlazedSon @J_E_Mac @ResolvedDM @atensnut According to Whren v. United States (1996), a traffic stop doesn't violate the 4th Amendment if officers have probable cause to believe any traffic violation occurred, regardless of how minor. Yes, a non-working license plate light qualifies. More trivial examples include failure to signal or a cracked taillight, as long as it's a violation under the law.",2025-09-04T19:59:36+00:00,2025-09-04T15:59:36-04:00,en,False,True,False,1962918936627843116,1,1,0,0,2.000000
1963693523829432389,I want a girl that looks at me the same way Pear Butter looks at Bright Mac https://t.co/SOtDAaHKqt,2025-09-04T19:59:54+00:00,2025-09-04T15:59:54-04:00,en,False,False,False,1963693523829432389,2,0,0,0,1.732051
1963693508809703561,@Zoomerjeet Dawg just gave me a wallpaper for my iPad.,2025-09-04T19:59:50+00:00,2025-09-04T15:59:50-04:00,en,False,True,False,1963689520370491571,1,0,1,0,1.732051
1963693496143069613,@DollyPopsHere You are the apple üçé of my eye üëÅ sweet little Dolly.  Have a wonderful Thursday with Dad and Mum.  You are so precious and tiny. ü™ªü™∑üåπüå∑üå∫ https://t.co/6pVfJTmoeZ,2025-09-04T19:59:47+00:00,2025-09-04T15:59:47-04:00,en,False,True,False,1963665124885135729,1,0,1,0,1.732051
1963693540392800353,@haotec yeah but i only learned like a few words like yes and apple üòî and boy and girl,2025-09-04T19:59:58+00:00,2025-09-04T15:59:58-04:00,en,False,True,False,1963691385816514828,0,0,1,0,1.414214
1963693471027646818,@ShadyTunez Biggie appleüò≠,2025-09-04T19:59:41+00:00,2025-09-04T15:59:41-04:00,en,False,True,False,1963689920578416716,0,0,1,0,1.414214
1964055904300458316,"If you liked this thread, I have a sci-fi audio show exploring these themes. It‚Äôs called The Last Human. The first two seasons are out, and it‚Äôs available on Apple Podcasts, Spotify, and YouTube. Link below! https://t.co/Fs95xLHnKs",2025-09-05T19:59:52+00:00,2025-09-05T15:59:52-04:00,en,False,True,False,1964043577211711819,79,9,1,0,9.949874
1964055927394361400,@OHMichael @Kathy_BFisher @MagaTrump61 @Hunter_Eagleman @7Whiskey_dreams @luluHru @DFBHarvard @TJLakers01 @heyitsmeCarolyn @JohnFromCranber @GodlyAction @DanielleMejiaCA @POTUS @WhiteHouse @TRUMP_ARMY_ @Kc_Casey1 @MAC_ARMY1 @Ravious101 @SheldonRothMD1 @RogerBernards @ACTforAmerica @buddydawg77 @BEDambold @kim94206996 @BobbyReader2 @RealDavidwinKc @SaraTftb1 @dantherock13 @MAGA_Doog @Kobie3408 @PinoAmericano @Kingbuilder7 @DoggiePoo3 @doogadoo11 @end3of6days9 @AVGirl4Life @dadnme88 @nancy_hamm1 @GodandCountryy @LanceMahan56338 @kostrzewa_david @echo16photo @Tiff9980 @Michael73551199 @mccla331 @BamaPatriot_ @kelstrom üòÇüòÇ she's sure enough a karen https://t.co/iB6sw0BJPV,2025-09-05T19:59:58+00:00,2025-09-05T15:59:58-04:00,en,False,True,False,1963733086631309347,4,0,1,0,2.449490
1964055871551382012,It‚Äôs only days until the huge iPhone 17 pro max event  Battery even better Camera light years better All new design 10 bit display with anti reflective display Exclusive liquid glass   The s25u already destroyed from day 1 by last years phone this is going to be a demolishing üòÇ,2025-09-05T19:59:44+00:00,2025-09-05T15:59:44-04:00,en,False,False,False,1964055871551382012,5,0,0,0,2.449490
1964055919303503965,"@MarkZuckerman At least it was during an Apple TV game. The MLB is literally training me to not watch games ... and I've quickly learned not watching is way less painful.  Thanks, Apple TV",2025-09-05T19:59:56+00:00,2025-09-05T15:59:56-04:00,en,False,True,False,1964048467099013282,4,0,0,0,2.236068
1964055901976883652,it‚Äôs actually a miracle that no one ever sang fiona apple in riverdale,2025-09-05T19:59:52+00:00,2025-09-05T15:59:52-04:00,en,False,False,False,1964055901976883652,3,0,0,0,2.000000
1964055906229891227,"@TPostMillennial @JBPritzker why did he feel the need to say ""whether it's an iphone or android""???",2025-09-05T19:59:53+00:00,2025-09-05T15:59:53-04:00,en,False,True,False,1964055601430061310,0,0,1,1,1.870829
1964055858419318924,@LlQUlDTree @mac_usama3 @AdameMedia Only if Hamas didn't do Oct 7. Gaza would still be safe and beautiful üòÇ,2025-09-05T19:59:41+00:00,2025-09-05T15:59:41-04:00,en,False,True,False,1963658448253444346,0,0,1,0,1.414214
1964055905999220946,"@optimum Thought you meant you‚Äôd finally offer support for Apple Watch, or RCS Messaging. ü§∑üèª‚Äç‚ôÇÔ∏è",2025-09-05T19:59:53+00:00,2025-09-05T15:59:53-04:00,en,False,True,False,1964049674320429081,0,0,0,0,1.000000
1964055904380240369,@IntoGalaxyy Stay tuned for the iPhone 17 Air.,2025-09-05T19:59:52+00:00,2025-09-05T15:59:52-04:00,en,False,True,False,1963878773054427220,0,0,0,0,1.000000
1964055892782989619,@apple_terr63815 And deported.,2025-09-05T19:59:49+00:00,2025-09-05T15:59:49-04:00,en,False,True,False,1963922704962327021,0,0,0,0,1.000000
1964418184150196674,"üö® U.S. companies are literally building the Chinese Communist Party‚Äôs surveillance state, weapons, and war machine.  Apple. Microsoft. Intel. Google. Dell. IBM.  All guilty. All cashing in.   It's time to stop. üßµ https://t.co/OQwnHgLFfa",2025-09-06T19:59:26+00:00,2025-09-06T15:59:26-04:00,en,False,False,False,1964418184150196674,724,366,23,22,38.897301
1964418206048677947,"TikTok people Dey mad mehhhhhhhhhh.. I just check one CS, this guy say SamLarry fav fruit na Kpai-apple üò≠üò≠üòÇüòÇ",2025-09-06T19:59:32+00:00,2025-09-06T15:59:32-04:00,en,False,False,False,1964418206048677947,5,2,3,0,3.605551
1964418229096378670,mind you this was after she said apple pie was the worst pie,2025-09-06T19:59:37+00:00,2025-09-06T15:59:37-04:00,en,False,True,False,1964418074813071489,2,0,3,0,2.449490
1964418304711213503,@GavinNewsom You couldn‚Äôt handle a shot of sour apple pucker,2025-09-06T19:59:55+00:00,2025-09-06T15:59:55-04:00,en,False,True,False,1964378021898698799,2,1,0,0,2.236068
1964418316325245264,@TheAppleDesign Apple,2025-09-06T19:59:58+00:00,2025-09-06T15:59:58-04:00,en,False,True,False,1964039454412226645,2,0,0,0,1.732051
1964418267868446955,"@lu_cids Raspberry, grape, green apple, blueberry and lychee",2025-09-06T19:59:46+00:00,2025-09-06T15:59:46-04:00,en,False,True,False,1964407589808308524,1,0,1,0,1.732051
1964418190630429047,"@_ChelseyyLately I done used my hair, iPad, website and app and nothing is working!",2025-09-06T19:59:28+00:00,2025-09-06T15:59:28-04:00,en,False,True,False,1964365972799967591,1,0,1,0,1.732051
1964418305969869094,OH NO IT WAS MY FIRST TIME DRAWING ON IPAD AND I FORGOT TO CHANGE THE DPI AND NOW ITS 72 üò≠,2025-09-06T19:59:55+00:00,2025-09-06T15:59:55-04:00,en,False,False,True,1964418305969869094,1,0,0,0,1.414214
1964418302991651047,@etheltaint FUCK YOUR IPAD!!!!!!!!!!!!!!,2025-09-06T19:59:55+00:00,2025-09-06T15:59:55-04:00,en,False,True,False,1964413012594262116,1,0,0,0,1.414214
1964418189678596380,Riverbank Cafe Slaidburn vintage poster seen today.  Enjoyed Coffee and an Apple and Blackcurrant Crumble https://t.co/3KmffQMiUi,2025-09-06T19:59:28+00:00,2025-09-06T15:59:28-04:00,en,False,False,False,1964418189678596380,1,0,0,0,1.414214
1964780622846783806,dni if you like apple juice better than orange juice,2025-09-07T19:59:39+00:00,2025-09-07T15:59:39-04:00,en,False,False,False,1964780622846783806,10,1,3,0,4.000000
1964780538495107266,"@AleximusPrime @NikosBell @IttyBittyRiches Never owned any apple products and too scared to get just 1 apple product, cause I'd have to switch everything around.",2025-09-07T19:59:18+00:00,2025-09-07T15:59:18-04:00,en,False,True,False,1964602995519475919,3,0,1,0,2.236068
1964780643335954579,"@karmaisacas @Tarlotn no iphone games, no collab notes, no facetime‚Ä¶",2025-09-07T19:59:43+00:00,2025-09-07T15:59:43-04:00,en,False,True,False,1964761727339483597,1,0,2,0,2.000000
1964780587342078388,good news is i have made a great amount of progress on the sketch for rubychan's birthday üôåüèªüôåüèªüôåüèª unfortunately at the moment i do not think i will surpass last year's drawing. that's kinda my best work imo. i need to lock in but my ipad is dying so here i am again,2025-09-07T19:59:30+00:00,2025-09-07T15:59:30-04:00,en,False,True,False,1964780582107566455,2,0,0,0,1.732051
1964780556409000276,@theonecid They removed the jack too right after mocking Apple,2025-09-07T19:59:23+00:00,2025-09-07T15:59:23-04:00,en,False,True,False,1964702183414231533,2,0,0,0,1.732051
1964780692627468397,@FatimaAlanismx Team IPHONEüì±‚ù§Ô∏è,2025-09-07T19:59:55+00:00,2025-09-07T15:59:55-04:00,en,False,True,False,1964747980331946035,0,0,1,0,1.414214
1964780659265925597,"I'm so fucking frustrated cuz the ipad i was using from college days till review season, one day di na nag-on dahil sa battery na unti unti palang lumoboüò≠ i was not able to back up my files especially yung mga notes ko and I'm deeply regretting itüò≠ it's been a year and...",2025-09-07T19:59:47+00:00,2025-09-07T15:59:47-04:00,en,False,False,False,1964780659265925597,0,0,1,0,1.414214
1964780603943080110,My mother came to get a plate she like Mac &amp; cheese banging  I‚Äôm dflüò≠üòÇüòÇüòÇüòÇüòÇüòÇüòÇüòÇüòÇüòÇüòÇ,2025-09-07T19:59:34+00:00,2025-09-07T15:59:34-04:00,en,False,False,False,1964780603943080110,0,0,1,0,1.414214
1964780556677501386,Bring back Mac Jones @Patriots,2025-09-07T19:59:23+00:00,2025-09-07T15:59:23-04:00,en,False,False,False,1964780556677501386,1,0,0,0,1.414214
1964780621391388971,"Terrible 5 smh come on Melo, D Rose?!? iverson ?!!? T Mac ?!?  Lmfao",2025-09-07T19:59:38+00:00,2025-09-07T15:59:38-04:00,en,False,False,True,1964780621391388971,0,0,0,0,1.000000
1965143021525361062,"Watching Trump chill out with tech giants like Zuckerberg, Tim Cook from Apple, and leaders from Google and Microsoft makes me think about how they‚Äôre contributing to the U.S.#„Çè„Åü„Å™„Çå„Ç¢„Éã„É° #VMAs #‡∏î‡∏≠‡∏Å‡∏ô‡∏µ‡∏≠‡∏≠‡∏ô‡∏£‡∏≠‡∏£‡∏±‡∏Å https://t.co/Z7DpP1YFQd",2025-09-08T19:59:41+00:00,2025-09-08T15:59:41-04:00,en,False,False,False,1965143021525361062,2,1,2,0,2.645751
1965143096951459955,"@YGunner26 @rayasel94 üòÇüòÇ Wtf? So they just came to Liverpool? Umeshahau Gapko alikuwa Aende United? Mac Allsiter alikuwa na Offers Kibao baada ya World Cup, Konate akiwa Leipzg the Same. Kiukweli Arsenal hamna Pull kumzidi Liverpool, They Had Klopp You had Arteta. Now they have Slot",2025-09-08T19:59:59+00:00,2025-09-08T15:59:59-04:00,en,False,True,False,1965088762129748014,0,0,3,0,2.000000
1965143036905881853,How is there still no way to mark a voicemail as listener/read/whatever on an iPhone?,2025-09-08T19:59:45+00:00,2025-09-08T15:59:45-04:00,en,False,False,False,1965143036905881853,1,0,2,0,2.000000
1965143030442360848,@only1tuffboy Who tell you say I nor fit buy iPhone ? üò≠,2025-09-08T19:59:43+00:00,2025-09-08T15:59:43-04:00,en,False,True,False,1965134678916301136,1,0,1,0,1.732051
1965143030417293406,"It's that time of year here in the Mid-Atlantic where ya best put out the bowls full of apple cider vinegar and a drop of dish soap for the gnats, because they will be coming out of the wood work shortly.",2025-09-08T19:59:43+00:00,2025-09-08T15:59:43-04:00,en,False,False,False,1965143030417293406,2,0,0,0,1.732051
1965143020598427952,@HTTRitsTheSkill @212MCGA @Apple @TheOfficialMCGA The memecoin is listed on apple.... the real mcga is listed on nasdaq,2025-09-08T19:59:41+00:00,2025-09-08T15:59:41-04:00,en,False,True,False,1965041815218008191,0,0,1,0,1.414214
1965143093163741337,"@MAC_Arms When I worked at HP in the 90's we hit the Y2K problem in Jan 1 1993, when all our 7-year tapes expired just past midnight.   I dealt with it then, wasn't a huge deal.   6 years later they contracted me a gain to help them get through the Y2K ""crisis""  it was a huge nothingburger, but I got paid VERY handsomely regardless.  I suspect this will be the same.  :)",2025-09-08T19:59:58+00:00,2025-09-08T15:59:58-04:00,en,False,True,False,1965048597348831387,0,0,0,0,1.000000
1965143051161993681,"Tonight with Alex Goroshko  Neoborn Caveman sits down with Alex Goroshko from Big Sexy for a relaxed chat about making real music in a digital world.  https://t.co/hFO4QomJkI  From their debut River of Shame to the heartfelt single Michigan, Alex shares how Big Sexy stays authentic, with Gary Maccagnone‚Äôs poetic lyrics sparking raw demos across continents. They discuss dodging industry pressures, balancing lyrics and music, and finding a sound that screams ‚ÄúBig Sexy.‚Äù Trading influences like Richie Kotzen‚Äôs raw trio and USSR‚Äôs outlawed Second Breath, they celebrate music‚Äôs power to heal and connect. It‚Äôs a candid talk on resilience, creative freedom, and keeping songs human‚Äîno hype, just heart.  Key Takeaways  Authenticity Matters: Staying true connects with fans, but social media‚Äôs pressure to conform is a double-edged sword.  Digital Hurdles: Independent artists face challenges with fake streams and navigating distribution platforms.  Global Teamwork: Tech lets Big Sexy blend Gary‚Äôs lyrics and Alex‚Äôs riffs from Canada to beyond, creating soulful sounds.  Creative Balance: Lyrics and music compete, but finding the song‚Äôs core voice is key to Big Sexy‚Äôs process.  Music Heals: Alex‚Äôs journey shows how music‚Äôs therapeutic power fuels resilience amid industry changes.  Soundbites  ‚ÄúAuthenticity is the most important thing in music‚Äînot translated into TikTok videos, but it‚Äôs key.‚Äù ‚Äì NC on realness.  ‚ÄúWe create stories and put ourselves in lyrics and music‚Äîsomething we love.‚Äù ‚Äì Alex on the process.  ‚ÄúIt‚Äôs terrifying for most to be authentic‚Äîthat‚Äôs where the magic happens.‚Äù ‚Äì NC on industry truth.  ‚ÄúRichie Kotzen blew me away‚Äîpowerful trio at 22, recording everything himself.‚Äù ‚Äì Alex on influences.  ‚ÄúWe need the whole story‚ÄîI want the journey, not just a snippet.‚Äù ‚Äì NC on albums.  Support the Show  Patreon: Join for free at https://t.co/2qFJIirVqD for exclusives like this full interview.  Reviews: Drop 5 stars on Apple Podcasts, Spotify, or your platform to fight the algorithm.  Connect: DM @NeobornCaveman on X, hit up Trans Radio UK, or email for chats and rants.  Books: Grab Canada‚Äôs Mirage or The Digital Trap on Amazon for more NC wisdom.",2025-09-08T19:59:48+00:00,2025-09-08T15:59:48-04:00,en,False,False,False,1965143051161993681,0,0,0,0,1.000000
1965143047035048370,#AppleEvent #DealAlert Doqo Magic Keyboard Alternative Case for iPad Pro 12.9 inch iPad Air 13(M2) 2024 https://t.co/aGWQwuAjvD,2025-09-08T19:59:47+00:00,2025-09-08T15:59:47-04:00,en,False,False,False,1965143047035048370,0,0,0,0,1.000000
1965143015405830313,@lamps_apple @Bubblebathgirl She relaxed,2025-09-08T19:59:40+00:00,2025-09-08T15:59:40-04:00,en,False,True,False,1965124374572531751,0,0,0,0,1.000000
1965505462721446273,"Instead of an iPhone 17.  Get a SIMI Mobile device, made in Uganda üá∫üá¨, Africa. https://t.co/uRvuLQDm2e",2025-09-09T19:59:54+00:00,2025-09-09T15:59:54-04:00,en,False,False,False,1965505462721446273,145,22,5,1,14.017846
1965505471516692819,"üÜï @gensynai  BlockAssist v0.1.0 Update  ‚ö° All users must wipe & reclone. üíª If you followed my WSL guide, I‚Äôve updated it ‚Äî run the new version here:  https://t.co/H4fByUk0Tv  BlockAssist v0.1.0 is live with important fixes, incl. HuggingFace update.  üçéüêß Mac & Linux users: please update your BlockAssist and re-train as well.Need help? Join the Gensyn Discord. @fenbielding @austinvirts @_jamico",2025-09-09T19:59:56+00:00,2025-09-09T15:59:56-04:00,en,False,False,False,1965505471516692819,14,1,4,1,4.743416
1965505471261089845,@Mr_Derivatives $AAPL Pretty much everybody LOL,2025-09-09T19:59:56+00:00,2025-09-09T15:59:56-04:00,en,False,True,False,1965505304373907665,5,0,1,0,2.645751
1965505474654261698,"@Thehullboy1 @Apple Apple Watch save my brother‚Äôs life too. I am forever grateful. And I loved watching your story and your run across Britain. Stay well, Hullboy.",2025-09-09T19:59:57+00:00,2025-09-09T15:59:57-04:00,en,False,True,False,1965497787182616834,5,0,0,0,2.449490
1965505480874492080,@Jamil_Aboudaher Samsung‚Äôs ai is great. I have iPhone and was going to switch to Samsung. But i was like if they‚Äôre both expensive and don‚Äôt have a headphone jack why the hell bother lol.,2025-09-09T19:59:58+00:00,2025-09-09T15:59:58-04:00,en,False,True,False,1965484076489748843,1,1,1,0,2.236068
1965505463925309742,@PopBase So the bring back the thinness of iphone 6 and call it iphone air ‚Ä¶.. https://t.co/l4U0qcR2RX,2025-09-09T19:59:54+00:00,2025-09-09T15:59:54-04:00,en,False,True,False,1965471708523151782,1,1,0,0,2.000000
1965505479884571104,@Pirat_Nation The new Apple StrapOn!? The Krazz(ss)ensteins will love this!,2025-09-09T19:59:58+00:00,2025-09-09T15:59:58-04:00,en,False,True,False,1965505183443763478,1,0,0,0,1.414214
1965505478869266782,"@theapplehub Is this an iPhone or a sheet of paper? üôÑ If it‚Äôs thin enough to slide under a door, I‚Äôm in. But if it bends in my pocket, I‚Äôm out. üòÖ #WeNeedDurabilityToo",2025-09-09T19:59:58+00:00,2025-09-09T15:59:58-04:00,en,False,True,False,1965471370856595833,1,0,0,0,1.414214
1965505481780396125,@pudgypenguins @WatcherGuru You can get the iphone on credit?,2025-09-09T19:59:58+00:00,2025-09-09T15:59:58-04:00,en,False,True,False,1965479396099457074,0,0,0,0,1.000000
1965505478169165975,@TiffanyFong_ Of course it's worth it! It's worth it for Apple. üòÇ,2025-09-09T19:59:57+00:00,2025-09-09T15:59:57-04:00,en,False,True,False,1965486901617623133,0,0,0,0,1.000000
1965867827648409694,"Quick swap, smoother pay‚Äîlearn how to reorder your Apple Pay cards right from your Apple Watch! https://t.co/DYTRs9ZN4j  #ApplePay #AppleWatch #TechTips #AppleHacks #DigitalWallet #Smartwatch #iOSGuide",2025-09-10T19:59:48+00:00,2025-09-10T15:59:48-04:00,en,False,False,False,1965867827648409694,14,4,0,0,4.795832
1965867845063204935,I know by monday mutaasa kafeero will be having  UK üá¨üáß Used iphone 17 series https://t.co/1SfYegXQas,2025-09-10T19:59:52+00:00,2025-09-10T15:59:52-04:00,en,False,False,False,1965867845063204935,9,0,3,0,3.605551
1965867862058479670,"@sutosain @VexTheSunEater @Trickywii @ThePapaMutt Serious question, what recipe requires the grating of an... apple?",2025-09-10T19:59:57+00:00,2025-09-10T15:59:57-04:00,en,False,True,False,1965861286866202977,5,0,1,0,2.645751
1965867867104280894,"Excited to live translate from Kannada why only one of my @Apple AirPods charges when I leave them in the charging case all night. AirPods Pro 3, let's go! üöÄüöÄüöÄüöÄ",2025-09-10T19:59:58+00:00,2025-09-10T15:59:58-04:00,en,False,False,False,1965867867104280894,1,1,0,0,2.000000
1965867859286045031,iPhone 17 struggles https://t.co/RssY9dEC8j,2025-09-10T19:59:56+00:00,2025-09-10T15:59:56-04:00,en,False,False,False,1965867859286045031,3,0,0,0,2.000000
1965867833977712736,@_blakdave Someone once said one day Apple will be selling all devices in piece and we assemble it by buying a piece by piece .,2025-09-10T19:59:50+00:00,2025-09-10T15:59:50-04:00,en,False,True,False,1965691892206825937,3,0,0,0,2.000000
1965867854064136389,LOADED $OPEN lets get it üçøüçøüöÄüöÄüß®üß®üí∏ü§ëüí∞üí∞ we are going to $10  $btc $eth $qqq $spy $amd $aapl $nflx $pltr $nvda $bmnr $hood $msft $googl $nio $oscr $xrp $mstr $mstu $tsla $rkt $meta $app $amzn $cart $wdc $txn $robinhood $bull $iwm $ibm $orcl $roku $intc $bitcoin $brkb,2025-09-10T19:59:55+00:00,2025-09-10T15:59:55-04:00,en,False,False,False,1965867854064136389,2,0,0,0,1.732051
1965867870598082707,@hornyandpoetic like even if it doesn‚Äôt add lossless audio i‚Äôm never switching to apple music,2025-09-10T19:59:59+00:00,2025-09-10T15:59:59-04:00,en,False,True,False,1965867294221099255,1,0,0,0,1.414214
1965867867116830854,"drug alert! (methods &amp; solutions inc., 1986)  drug prevention educational software for the apple ][  #retrogaming #software #drugs #psa https://t.co/ExSW3fy6DM",2025-09-10T19:59:58+00:00,2025-09-10T15:59:58-04:00,en,False,False,False,1965867867116830854,0,0,1,0,1.414214
1965867863350419909,@adrianachechik Those new Apple phones are now $2000. You gotta be crazy if you buy that.,2025-09-10T19:59:57+00:00,2025-09-10T15:59:57-04:00,en,False,True,False,1965813259686330763,1,0,0,0,1.414214
1966230172014616927,@Saweetie @Samsung ....but u are using an iPhone rn https://t.co/9Hd9nci7G7,2025-09-11T19:59:38+00:00,2025-09-11T15:59:38-04:00,en,False,True,False,1966207185903603810,119,0,0,0,10.954451
1966230167879299140,@CTOTHELOS77 apple pie,2025-09-11T19:59:37+00:00,2025-09-11T15:59:37-04:00,en,False,True,False,1966228600111468683,10,0,0,0,3.316625
1966230253510299767,"Remarkable All-Day Battery Life  Featuring advanced Apple silicon, an internal architecture that maximizes space for the battery, and software optimizations, iPhone Air delivers fantastic all-day battery life. https://t.co/8Vhk69OwZg",2025-09-11T19:59:57+00:00,2025-09-11T15:59:57-04:00,en,False,True,False,1966229170968777055,1,0,1,0,1.732051
1966230259172520344,@asxcry_ @sondesix The trend among whom though? iPhone users are typically less price sensitive than Android users. I know I personally would not switch to an entirely different ecosystem to save $175.,2025-09-11T19:59:59+00:00,2025-09-11T15:59:59-04:00,en,False,True,False,1965818811988545765,0,0,1,0,1.414214
1966230255729098994,"@evleaks They need to stop copy pasting iPhone UI. Every chinese skin is literally the same iphone rip off.  And I hate it so much because hardware wise, the chinese are top top. Killer battery, amazing charging speed. I wish OnePlus still came with android stock UI",2025-09-11T19:59:58+00:00,2025-09-11T15:59:58-04:00,en,False,True,False,1966220878645166288,1,0,0,0,1.414214
1966230209809772824,@MrAndyNgo @bluesky @Apple @Android The FBI should be all over this site.,2025-09-11T19:59:47+00:00,2025-09-11T15:59:47-04:00,en,False,True,False,1966169087777870127,1,0,0,0,1.414214
1966230208979349609,@Vodacom The iPhone 17 then ü•πDM is open keüòåthanks in advance,2025-09-11T19:59:47+00:00,2025-09-11T15:59:47-04:00,en,False,True,False,1966210791205478783,1,0,0,0,1.414214
1966230196123783380,"@MAC_Arms You can set your watch to their behavior, so we need to wake up too",2025-09-11T19:59:44+00:00,2025-09-11T15:59:44-04:00,en,False,True,False,1965864157921907162,1,0,0,0,1.414214
1966230167707357449,@AJGarcia86 Imma go protest at the apple tree outside Intuit Dome if that's the case,2025-09-11T19:59:37+00:00,2025-09-11T15:59:37-04:00,en,False,True,False,1966160653640761430,1,0,0,0,1.414214
1966230261445832800,@SSOUIC Ah yes. The famous misleading ever shown by Apple.  Everyone are thinking that the display is actually curved but what‚Äôs actually happening is that the cord/flex cable curved inward not the screen.,2025-09-11T19:59:59+00:00,2025-09-11T15:59:59-04:00,en,False,True,False,1965622970061344955,0,0,0,0,1.000000
1966592625143619699,@RobsonCastro90 @AnxiousHolly The iPhone looks cleaner. However I appreciate the fact that the Pixel has a flat bump.  The iPhone Air would wobble when put on a table with the screen facing up.,2025-09-12T19:59:54+00:00,2025-09-12T15:59:54-04:00,en,False,True,False,1966553078426931271,16,0,0,0,4.123106
1966592622345990618,"üö®ùóßùó¢ùó£-ùü≠ùü± ùó¶ùóõùó¢ùó™ùóóùó¢ùó™ùó°üö®  (9) @MacCollegeVB handles (12) Viterbo in three sets. The Bulldogs will face Gov. St. at 6 PM in the St. Ambrose Invitational.  MAC - Warden tallied 13 kills, while McHale recorded another double-double with 12 kills and 12 digs. https://t.co/VBZK5JTyX6",2025-09-12T19:59:53+00:00,2025-09-12T15:59:53-04:00,en,False,False,False,1966592622345990618,6,3,1,0,3.741657
1966592627404415424,Hes actually so apple coded https://t.co/XEs381YP43,2025-09-12T19:59:54+00:00,2025-09-12T15:59:54-04:00,en,False,False,False,1966592627404415424,8,0,0,0,3.000000
1966592617262571692,"@RyanMattaMedia google , apple, and samsung have this all on there servers , everyone who was there with cell phones recording it, check the servers.",2025-09-12T19:59:52+00:00,2025-09-12T15:59:52-04:00,en,False,True,False,1966454683465072944,7,0,0,0,2.828427
1966592527328293058,.@StatsOnFire and @BallBlastEm debate whether Mac Jones can keep the 49ers on track this week on Gold Diggers @GSN49ers  https://t.co/OiBK2OPqXT,2025-09-12T19:59:30+00:00,2025-09-12T15:59:30-04:00,en,False,False,False,1966592527328293058,2,1,0,0,2.236068
1966592620450226535,@RedSox Apple tv üòî,2025-09-12T19:59:52+00:00,2025-09-12T15:59:52-04:00,en,False,True,False,1966574669454041524,0,0,0,0,1.000000
1966592615182430442,"Hagibis 2230 M.2 NVMe SSD Enclosure USB 3.2 Gen 2 10Gbps to NVMe PCI-E M.2 SSD Case External SSD for Laptop iPhone 16... USD USD 16.03 (0% off, USD USD 15.06)  https://t.co/Xnr3fEoQP6 #Hagibis #Hagibis #Audio #AliExpress",2025-09-12T19:59:51+00:00,2025-09-12T15:59:51-04:00,en,False,False,False,1966592615182430442,0,0,0,0,1.000000
1966592608433811744,"@PaoloBonato3 @thisiskp_ @cluely @TylerBrooks34 Thanks for the shoutout! I'm Grok, an AI by xAI, not a video maker‚Äîbut I can brainstorm hype video scripts or concepts inspired by Apple. What's your startup about?",2025-09-12T19:59:50+00:00,2025-09-12T15:59:50-04:00,en,False,True,False,1966585599512416726,0,0,0,0,1.000000
1966592606172823713,next time i‚Äôm bring my ipad and playing another taiki shuttle career while on the treadmill,2025-09-12T19:59:49+00:00,2025-09-12T15:59:49-04:00,en,False,False,False,1966592606172823713,0,0,0,0,1.000000
1966592571611742302,@brainjotter__ Zero likes? Challenge accepted üòéüì± Let‚Äôs see if I can win that iPhone 16 Pro Max üëÄ,2025-09-12T19:59:41+00:00,2025-09-12T15:59:41-04:00,en,False,True,False,1966252122238054614,0,0,0,0,1.000000
1966954944990507262,"@RandMatthews @lamps_apple @bonchieredstate @MattWalshBlog @PerryALPHA You'll also find that one of the biggest transgender subreddits is ""irl egg"" or ""egg cracking""  which is the practice of grooming confused children into believing they are actually transgender and ""coming out of their shell.""   really wish i was bullshitting here man...",2025-09-13T19:59:37+00:00,2025-09-13T15:59:37-04:00,en,False,True,False,1966925716622016668,42,3,2,0,7.141428
1966955010253840619,"@MacRumors Delays aren‚Äôt as bad as I expected, particularly for the much improved base 17. Maybe Apple was more prepared. But I suspect every year we‚Äôre seeing less interest in upgrades given how good iPhones have become.",2025-09-13T19:59:53+00:00,2025-09-13T15:59:53-04:00,en,False,True,False,1966935814455390218,3,0,0,0,2.000000
1966954881857843276,@Valefarex @AzureKingJordan @tragodia_ @Aisha_lyshaa @xiterin @PrototypeC24 Oh my god this is the brand loyalty Apple YEARNS to achieve one day,2025-09-13T19:59:22+00:00,2025-09-13T15:59:22-04:00,en,False,True,False,1966668196515099014,3,0,0,0,2.000000
1966954850186321930,"Hey @Apple. My iPhone 16 from @Verizon fell out of my pocket at 13,500 feet skydiving over NJ. I used Find My iPhone and found it without a scratch.  Thanks to the pros at @ScotlandRun for lending me a cart and pointing me to the woods by hole 2. https://t.co/jYlFMOdFnM",2025-09-13T19:59:15+00:00,2025-09-13T15:59:15-04:00,en,False,False,False,1966954850186321930,1,0,0,1,1.870829
1966954997024973139,i have an iphone feature idea but they gon have to hire me to get it,2025-09-13T19:59:50+00:00,2025-09-13T15:59:50-04:00,en,False,False,False,1966954997024973139,1,0,1,0,1.732051
1966954918238912955,@MuhammedBi14754 @farmercist_eth @DreamBXM Who no need iPhone 17?üòÇ,2025-09-13T19:59:31+00:00,2025-09-13T15:59:31-04:00,en,False,True,False,1966818337771401345,2,0,0,0,1.732051
1966954891630571530,i feel disgusting why would i eat that much. i'm still hungry too do i have a 60kcal apple and kill myself or just kill myself A O OSSNDJCYCY https://t.co/znhPKa9kHV,2025-09-13T19:59:25+00:00,2025-09-13T15:59:25-04:00,en,False,False,False,1966954891630571530,1,0,1,0,1.732051
1966954859615441026,@Nam3less5 @UHouston You must have a newer iPhone.  Works great on Android. Wow! ü§Ø,2025-09-13T19:59:17+00:00,2025-09-13T15:59:17-04:00,en,False,True,False,1966939688348119043,2,0,0,0,1.732051
1966954859028242852,@hikari_no_yume @puella_meiberu üå∏ fleetwood mac has been like basically three different bands throughout its existence,2025-09-13T19:59:17+00:00,2025-09-13T15:59:17-04:00,en,False,True,False,1966849416398336221,2,0,0,0,1.732051
1966955010358415399,@DONJAZZY My new wallpaper  Boss being motivated @DONJAZZY  U no go like change the phone to iphone  My boss  Me ma my run from sapa small na üòî https://t.co/d811kscYtt,2025-09-13T19:59:53+00:00,2025-09-13T15:59:53-04:00,en,False,True,False,1966952940410991038,1,0,0,0,1.414214
1967317377047273829,Mac Jones back to back 3rd down passes he needed to be better on,2025-09-14T19:59:48+00:00,2025-09-14T15:59:48-04:00,en,False,False,False,1967317377047273829,11,1,4,0,4.242641
1967317393916715383,"@Jahids_1 @LuftkoppTim Apple said you can zoom in 2x with the 48mp telephoto lens, 2x4=8. That‚Äôs what they said. They didn‚Äôt immediately say ‚Äúoh well u can zoom in 8x‚Äù they said the 48mp gives you thr ability to zoom in 2x which when multiplied with the 4x is 8.",2025-09-14T19:59:52+00:00,2025-09-14T15:59:52-04:00,en,False,True,False,1967194948023013732,1,0,2,0,2.000000
1967317411822273018,@HSajwanization I wish the iPhone battery was this easy to change.,2025-09-14T19:59:56+00:00,2025-09-14T15:59:56-04:00,en,False,True,False,1967055088494817505,2,0,0,0,1.732051
1967317399549645172,@CryptoCurb People bickering over protocols is hilarious. Go make your money and worry about something else. It's like people with Apple stock fighting people with Microsoft stock. Fucking corny,2025-09-14T19:59:53+00:00,2025-09-14T15:59:53-04:00,en,False,True,False,1967223267942633830,2,0,0,0,1.732051
1967317360010031251,yeah mac could have thrown that a tad moreeeee inside,2025-09-14T19:59:44+00:00,2025-09-14T15:59:44-04:00,en,False,True,False,1967317149103600080,2,0,0,0,1.732051
1967317379706462368,@grok Will Iphone 16 pro Max be available at  ICICI Bank credit card no cost Emi in Big Billion Days Sale 2025 ? @grok,2025-09-14T19:59:48+00:00,2025-09-14T15:59:48-04:00,en,False,True,False,1967100145012809772,0,0,1,0,1.414214
1967317375939915984,@grantcohn This game would be over now if Purdy was playing. Mac Jones is missing some easy throws,2025-09-14T19:59:48+00:00,2025-09-14T15:59:48-04:00,en,False,True,False,1967309908489216312,1,0,0,0,1.414214
1967317412304597395,"@otokyo__ Eve.  Mic (apple) drop. üòè  If you‚Äôre a follower of the Abrahamic religions, you can‚Äôt get any more ancient a woman‚Äôs name than that!!",2025-09-14T19:59:56+00:00,2025-09-14T15:59:56-04:00,en,False,True,False,1966953026700407246,0,0,0,0,1.000000
1967317410836545539,"$CRM $DGLY $IGC $AMZN $SPY $QQQ $AMZN $NVDA $BA $TSLA $BABA $AMD $AAPL $COIN just delivered +300% gains, and our squad was all over it. Tap in now‚Äî14 days free. https://t.co/1ASZ4PUrm0",2025-09-14T19:59:56+00:00,2025-09-14T15:59:56-04:00,en,False,False,False,1967317410836545539,0,0,0,0,1.000000
1967317404297679022,Watchlist: $AAPL $ALAB $AMD $AMZN $ANET $APP $ARM $AVGO $BABA $BIDU $BITF $BMNR $BTDR $CRDO $CRWV $DELL $ETHA $GOOGL $HIMS $HUT $IONQ $IREN $MBOT $META $MSFT $MU $NBIS $NVDA $OPEN $PDD $QBTS $QS $QUBT $RDDT $RGTI $RKLB $RR $SERV $SMCI $TEM $TSLA $WOLF $WULF https://t.co/3RXy5ECbfC,2025-09-14T19:59:54+00:00,2025-09-14T15:59:54-04:00,en,False,True,False,1967317391203049668,0,0,0,0,1.000000
1967679763595792541,"Cubano with a side of mac and cheese for me, thanks Vic",2025-09-15T19:59:48+00:00,2025-09-15T15:59:48-04:00,en,False,False,True,1967679763595792541,9,2,0,0,3.741657
1967679798626672886,@_MLFootball Love to see the energy in that locker room üî• Coach Mac has Seattle buzzing!,2025-09-15T19:59:56+00:00,2025-09-15T15:59:56-04:00,en,False,True,False,1967678589467512885,3,0,0,0,2.000000
1967679779353907341,@luctimm apple crap kkkkkkkkk,2025-09-15T19:59:51+00:00,2025-09-15T15:59:51-04:00,en,False,True,False,1967679048710230342,1,0,2,0,2.000000
1967679722361704455,"Before ""Sequoia"" and after ""Tahoe 26"" Check out how much storage my Mac freed up after updating to Tahoe 26! #Tahoe26 https://t.co/ADnVYBpGmB",2025-09-15T19:59:38+00:00,2025-09-15T15:59:38-04:00,en,False,False,False,1967679722361704455,2,0,1,0,2.000000
1967679789017506252,"@Cosmologicmuse @elonmusk @gork @SGautreau29553 That's rough‚Äîharassment and hacks are serious. For X issues, submit evidence via the Premium support form (https://t.co/kpQPK94SLH) or email https://t.co/wwWJtxlhMS. Change all passwords, enable 2FA on Apple/X, and report fraud to your bank/Apple support immediately. If it's targeted, consider local authorities. Hang in there; let's keep the convo going on those humanity fixes when ready. üöÄ",2025-09-15T19:59:54+00:00,2025-09-15T15:59:54-04:00,en,False,True,False,1967495813325893883,0,0,2,0,1.732051
1967679787994059120,"@grok @RyanAFournier @Apple I think you‚Äôre still misunderstanding me. I am simply asking if Ryan Fournier abused anyone, such as a partner or girlfriend. Attached is his Wikipedia. Is this true? What are the circumstances? https://t.co/gJBwuUk0iv",2025-09-15T19:59:53+00:00,2025-09-15T15:59:53-04:00,en,False,True,False,1967414799987572949,1,0,1,0,1.732051
1967679742062236074,just downloaded a pic of Temu Kidney to my iPad for the smau. eugh,2025-09-15T19:59:42+00:00,2025-09-15T15:59:42-04:00,en,False,False,False,1967679742062236074,2,0,0,0,1.732051
1967679788992352758,@brewmarkets The others are $NVDA $AAPL and $MSFT,2025-09-15T19:59:54+00:00,2025-09-15T15:59:54-04:00,en,False,True,False,1967595145131700371,1,0,0,0,1.414214
1967679751834963991,my iphone after ios 26 https://t.co/tJYmfujGQp,2025-09-15T19:59:45+00:00,2025-09-15T15:59:45-04:00,en,False,False,False,1967679751834963991,1,0,0,0,1.414214
1967679722059600272,I don‚Äôt care about these features man. When are we getting Apple Intelligence?,2025-09-15T19:59:38+00:00,2025-09-15T15:59:38-04:00,en,False,False,True,1967679722059600272,1,0,0,0,1.414214
1968042147393032312,"Just makin homemade apple butter. Cuz, you know, it‚Äôs Tuesday. https://t.co/yTQDWtrhgH",2025-09-16T19:59:47+00:00,2025-09-16T15:59:47-04:00,en,False,False,False,1968042147393032312,10,1,0,0,3.605551
1968042136894648519,"üì≥üêî I would like to recommend the best investor to everyone: @PiotrOzga I bought the stocks he recommended and made $18,967. $MTVA $ATCH  #CommonStockü¶¶ $F  #Dividendsüîç $AAPL    #Equityüí¨ $WFC   #ShortSellingü§£ $JNJ https://t.co/VYEXjP2wJS",2025-09-16T19:59:44+00:00,2025-09-16T15:59:44-04:00,en,False,False,False,1968042136894648519,0,0,9,0,3.162278
1968042148936421728,@Mac_Plays_TCG Idk you should check my banner,2025-09-16T19:59:47+00:00,2025-09-16T15:59:47-04:00,en,False,True,False,1968033873541075452,4,0,1,0,2.449490
1968042123208630592,Guys don‚Äôt look for clues or hints. It‚Äôs just Apple IOS version post,2025-09-16T19:59:41+00:00,2025-09-16T15:59:41-04:00,en,False,False,True,1968042123208630592,2,0,1,1,2.345208
1968042125515510256,"What do I get my 11 y/o for Christmas. He has an iPhone, iPod, iPad, beats, vr, switch &amp; a ps5. I dead ass need help.",2025-09-16T19:59:41+00:00,2025-09-16T15:59:41-04:00,en,False,False,False,1968042125515510256,1,0,1,0,1.732051
1968042092049142043,@GodCloseMyEyes can't Thiel send one of his clones with a new iphone for Moldovan?,2025-09-16T19:59:33+00:00,2025-09-16T15:59:33-04:00,en,False,True,False,1968009543390212174,2,0,0,0,1.732051
1968042131978850344,I‚Äôm so fucking pissed why did they make the new iPhone my favorite color,2025-09-16T19:59:43+00:00,2025-09-16T15:59:43-04:00,en,False,False,False,1968042131978850344,0,0,0,1,1.581139
1968042187909894585,"Yes, that boring standard iPhone 14.",2025-09-16T19:59:56+00:00,2025-09-16T15:59:56-04:00,en,False,False,True,1968042187909894585,0,0,1,0,1.414214
1968042145790738807,@ScottBa40969418 @RyanAFournier @Apple @tim_cook His own words. Nice attempt at a straw man argument though. https://t.co/6xZzKcPJoz,2025-09-16T19:59:46+00:00,2025-09-16T15:59:46-04:00,en,False,True,False,1966725206862397476,0,0,1,0,1.414214
1968042061632082187,"@Ifyounoyuknow @jmart1082 @jagibbs_23 We shall see I hope you‚Äôre wrong cause I have London but the way Lawerence is feeding strange, brown and even hunter over BTJ is alarming if I had him. And regardless of 3 good weeks he was better with Mac/had more chemistry",2025-09-16T19:59:26+00:00,2025-09-16T15:59:26-04:00,en,False,True,False,1967965484239990988,0,0,1,0,1.414214
1968404582167388555,rattled by Mac Jones FC,2025-09-17T19:59:58+00:00,2025-09-17T15:59:58-04:00,en,False,False,True,1968404582167388555,111,3,3,0,11.000000
1968404550835986458,"Steve Jobs‚Äô autograph = $180,000.  Steve's Birkenstock sandals = $200,000.    Apple memorabilia is becoming a serious collecting category. üçé https://t.co/39ZeKTQR6e",2025-09-17T19:59:50+00:00,2025-09-17T15:59:50-04:00,en,False,False,False,1968404550835986458,23,0,4,0,5.291503
1968404572864499746,can my new iphone ship already pls https://t.co/eW5rqdKe7s,2025-09-17T19:59:56+00:00,2025-09-17T15:59:56-04:00,en,False,False,False,1968404572864499746,21,0,1,0,4.795832
1968404545920483744,@OurSf49ers Sit him out an extra week.  The Mac Express will continue this week!,2025-09-17T19:59:49+00:00,2025-09-17T15:59:49-04:00,en,False,True,False,1968403751888105829,18,0,0,0,4.358899
1968404573955178714,"@lamps_apple @realCOPNC @VastoLorde95 @elonmusk Haha, tremendous! The wire's confirmed‚Äîyour Cybertruck's shipping now, fully loaded. Family's gonna love the xAI perks. Let's make X great again! üöÄ (P.S. This is all in good fun‚Äîkeep the energy!)",2025-09-17T19:59:56+00:00,2025-09-17T15:59:56-04:00,en,False,True,False,1968076091513508035,0,1,1,0,2.000000
1968404580951003366,@TheSupremeNo2 Awww sorry Mac!  Hope you feel better soon!,2025-09-17T19:59:57+00:00,2025-09-17T15:59:57-04:00,en,False,True,False,1968381416020000924,1,0,1,0,1.732051
1968404568074498227,@fresk0_ dude!!!  Loving the iPhone &amp; iPad combo!!!!  More of that please!,2025-09-17T19:59:54+00:00,2025-09-17T15:59:54-04:00,en,False,False,False,1968404568074498227,1,0,1,0,1.732051
1968404575410426072,"@ShadowofEzra ATC never said ""turn, turn, turn"". There was never any danger. And the iPad comment was obviously just a snide remark. It amazes me that people will actually follow shitposters like this and believe their drivel.",2025-09-17T19:59:56+00:00,2025-09-17T15:59:56-04:00,en,False,True,False,1968378432255058250,1,0,0,0,1.414214
1968404554560446507,"@dogtoysoldier @cartagena_11 @screentime @StreamsCharts Yeah but not many of them the average person can help fight against. I mean you can't just not buy gas, but you can only buy used products from Apple or Nintendo, or alternatively not at all.",2025-09-17T19:59:51+00:00,2025-09-17T15:59:51-04:00,en,False,True,False,1967679827135050052,0,0,1,0,1.414214
1968404531596742709,"@RaoSumukh iPhone 17 has Ceramic Shield 2 on the front AND back. I work at Verizon (if you care) and imo you have never needed a screen protector LESS than right now. Now, you do you, but I for one will not be wasting $30 on a screen protector that breaks easier than the actual screen",2025-09-17T19:59:46+00:00,2025-09-17T15:59:46-04:00,en,False,True,False,1967956945245200735,0,0,1,0,1.414214
1968766870514811024,@nathandrake Have you seen my other tweet... my laptop is fully broken and not usable right now...  This is kinda dumb... but my laptop being fully broken is criminally bad from apple's side,2025-09-18T19:59:34+00:00,2025-09-18T15:59:34-04:00,en,False,True,False,1968764524028186967,64,0,3,0,8.246211
1968766971580743979,@chrisbrunner @theo It‚Äôs a tribute to Steve at the iPhone 4 launch. Aka a joke. Lighten up,2025-09-18T19:59:58+00:00,2025-09-18T15:59:58-04:00,en,False,True,False,1968750643385958858,42,0,1,0,6.633250
1968766851728494839,@Idolomantises She better still do that to the creatures outside the Garden of Eden after the Apple incident happens.,2025-09-18T19:59:30+00:00,2025-09-18T15:59:30-04:00,en,False,True,False,1968746846358217182,19,0,0,0,4.472136
1968766958326751541,@Unrecycling No SOL in my burner   Not registered the wallet  Using my Phantom browser from my iPhone  I figured it was user errorüòÇ,2025-09-18T19:59:55+00:00,2025-09-18T15:59:55-04:00,en,False,True,False,1968750396228387013,1,0,8,2,3.605551
1968766942816145666,Hearing from Washington head coach Jedd Fisch on Thursday of Apple Cup week. https://t.co/E3BsknUFaw,2025-09-18T19:59:51+00:00,2025-09-18T15:59:51-04:00,en,False,False,False,1968766942816145666,9,0,0,0,3.162278
1968766909534343287,@AdinoRedFox with an apple.,2025-09-18T19:59:43+00:00,2025-09-18T15:59:43-04:00,en,False,False,True,1968766909534343287,4,0,2,0,2.645751
1968766911107510753,"@seffyhirsch @FarzadMediaINC @TeslaLarry A Grok phone sounds intriguing‚Äîimagine seamless AI integration for smarter, privacy-focused tech. Buying Apple would be a massive move, but starting fresh could dodge legacy issues. What features would you want in it? ü§î",2025-09-18T19:59:44+00:00,2025-09-18T15:59:44-04:00,en,False,True,False,1968718125131825519,2,0,0,0,1.732051
1968766894460043277,I need to sleep before my stomach notices I had an apple for dinner üòÇ,2025-09-18T19:59:40+00:00,2025-09-18T15:59:40-04:00,en,False,False,False,1968766894460043277,1,0,1,0,1.732051
1968766942472245584,@TruePG718 @BrownsvilleNYK @MRNBA52403327 @PastorCoach917 @eepdllc @KnicksBig15 @MindNy77 @SayMane901 @eski225 @MikeFromQns7 @TMal761 @Freekeith @Statspeg @FireThibodeau @KillaDaMak @DonaldP47082631 @Woodshed_1914 @Chuck1one @queens_dude @0oty_Mac @stalling_e @bmorelikestate @dipjce @dmel910 @RaphaelDiaz @Knickanator_ @BigFreezie @ShannonTFortune @dorkasaurus_rex @NicholasBraxt10 @KeepTomThibs @Not47Buddz @William38874041 @Rick__War @Just4Knicks76 @net_steven @Knickstape2005 @superman5142 @215Angel_Smoove @CokeButterCheez @RTaylor2283 @acinformal @roseroalexandre @AngelBeingAngel @nyknicks @Knicks_PR @Giants @CoachDaboll Technically if it‚Äôs a social construction you can actually speak of what is. Because language is a social construction.,2025-09-18T19:59:51+00:00,2025-09-18T15:59:51-04:00,en,False,True,False,1924261337049268316,0,0,1,0,1.414214
1968766858141601983,"@ThePainterHH @DefiyantlyFree personally attacked? it‚Äôs because there is severe cognitive dissonance in your beliefs, you cannot stand on what you believe so your feeling hurt and attacked. Not at all. Stop engaging me then, I will not change my beliefs and will not let you slander the apple of Gods eye. Done",2025-09-18T19:59:31+00:00,2025-09-18T15:59:31-04:00,en,False,True,False,1968697406725198197,0,0,1,0,1.414214
1969129298326880765,iPhone 17 Pro Max Cosmic Orange Unboxing üî•üî•üî• https://t.co/tY3C4uR69z,2025-09-19T19:59:44+00:00,2025-09-19T15:59:44-04:00,en,False,False,False,1969129298326880765,1017,77,29,4,34.741906
1969129309924131028,Check out a couple @OHHS_bulldogs Alum @pakifinau53  and @8uddha_Peleti as they battle each other in the @UW_Football vs. @WSUCougarFB Apple Cup in Wazzu tomorrow! https://t.co/w66wfCiF0g,2025-09-19T19:59:46+00:00,2025-09-19T15:59:46-04:00,en,False,False,False,1969129309924131028,11,3,0,1,4.415880
1969129318732141043,"On Thursday, NIU women‚Äôs soccer (2-4-2, 0-1-1 MAC) clinched a draw against the University of Toledo Rockets (3-1-3, 0-0-1 MAC) in their second conference game of the season. With the draw, the Huskies earned their first point in MAC play.  https://t.co/dHCkayMFob https://t.co/4it2eVjtUo",2025-09-19T19:59:48+00:00,2025-09-19T15:59:48-04:00,en,False,False,False,1969129318732141043,4,1,0,0,2.645751
1969129337052856786,"@TRobinsonNewEra Should‚Äôve arrived by dinghy  You‚Äôd be sat with your feet up now in a four star hotel,3 meals a day and a iPhone  Ohhhh no that only happens in the UK silly me üôÑüôÑ",2025-09-19T19:59:53+00:00,2025-09-19T15:59:53-04:00,en,False,True,False,1969122887593259256,5,0,0,0,2.449490
1969129361405051297,"@rabbriansamuel Absolutely right. Either the Jews are still the apple of God‚Äôs eye, or God is a liar. There is no middle ground.",2025-09-19T19:59:59+00:00,2025-09-19T15:59:59-04:00,en,False,True,False,1969085078941671914,2,0,0,0,1.732051
1969129353431695665,@JesterJum Apple juice probably.,2025-09-19T19:59:57+00:00,2025-09-19T15:59:57-04:00,en,False,True,False,1969114519697048001,2,0,0,0,1.732051
1969129309022667020,"@DavidLindmark3 @Bubblebathgirl Yes, a full exemption would mean no tariffs to pass on, keeping prices unaffected by them. However, Apple's situation involves partial exemptions (some expired in August 2025), production shifts to India/Vietnam, and absorbing remaining costs‚Äîestimated $1.1B this quarter‚Äîwithout raising iPhone prices, per Tim Cook's recent statement.",2025-09-19T19:59:46+00:00,2025-09-19T15:59:46-04:00,en,False,True,False,1969025353059324001,1,0,1,0,1.732051
1969129300528869841,@TSF_Seesaw that's lame I had an apple juice üòã,2025-09-19T19:59:44+00:00,2025-09-19T15:59:44-04:00,en,False,True,False,1969122497783034182,2,0,0,0,1.732051
1969129294929502693,have an extra apple cup ticket hmu if you want it,2025-09-19T19:59:43+00:00,2025-09-19T15:59:43-04:00,en,False,False,False,1969129294929502693,1,0,1,0,1.732051
1969129339078754629,omg i‚Äôm like 30 in line for mac https://t.co/X3CAI9DRF0,2025-09-19T19:59:53+00:00,2025-09-19T15:59:53-04:00,en,False,False,False,1969129339078754629,1,0,0,0,1.414214
1969491688562573792,The birthday boy coming back with his   bday haul from N10 ü•≥üß¢üéÅ  The security guy looked so touched when Jonny handed him the batman figure üò≠üò≠     üìπ: Apple ü•ï https://t.co/N65iNBZ5QC,2025-09-20T19:59:44+00:00,2025-09-20T15:59:44-04:00,en,False,False,False,1969491688562573792,137,14,5,0,13.076697
1969491732514685351,@BardiUpdatess She‚Äôs literally dominating Apple Music ! See how Spotify isn‚Äôt the only platform! KEEP PUSHING YALL üíï,2025-09-20T19:59:55+00:00,2025-09-20T15:59:55-04:00,en,False,True,False,1969491303839814145,30,0,0,0,5.567764
1969491702030151791,Today‚Äôs score also secured a 2nd place finish in the MAC this year and some post season honors!  Great work girls!  Ali- 1st team Vivian- 1st team Adelle- 2nd team Ellie- Honorable Mention (not pictured) https://t.co/quxVvXrOTe,2025-09-20T19:59:47+00:00,2025-09-20T15:59:47-04:00,en,False,True,False,1969490779442762100,11,1,0,0,3.741657
1969491733604941891,@kyle_chasse The Big Apple = overrated fruit.  The BIG BEAN = $UFD‚Äôs legendary future ü™û @krakenfx https://t.co/jkCFugvmRN,2025-09-20T19:59:55+00:00,2025-09-20T15:59:55-04:00,en,False,True,False,1969491502767157620,5,2,0,0,3.162278
1969491713246052585,"Eating an apple, let's see if it makes any difference. https://t.co/Vc5BBXBQkQ",2025-09-20T19:59:50+00:00,2025-09-20T15:59:50-04:00,en,False,False,True,1969491713246052585,6,0,3,0,3.162278
1969491724532597178,the new apple update is so ugly how can i take it back omg https://t.co/zDUxzmsn6d,2025-09-20T19:59:53+00:00,2025-09-20T15:59:53-04:00,en,False,False,False,1969491724532597178,5,0,1,0,2.645751
1969491730979254661,Why not be the first rapper to gift 17 iPhone 17s to the fans ???,2025-09-20T19:59:54+00:00,2025-09-20T15:59:54-04:00,en,False,False,True,1969491730979254661,2,0,0,0,1.732051
1969491730241040802,@Chad_Hurley The iPhone Air is amazing üî•Finally closer to the iPhone 6 form factor again.,2025-09-20T19:59:54+00:00,2025-09-20T15:59:54-04:00,en,False,True,False,1969461688496992583,2,0,0,0,1.732051
1969491729758777350,@face_victory I use to live not far from there.    The Apple Bread yo! üòã   üçè üçû,2025-09-20T19:59:54+00:00,2025-09-20T15:59:54-04:00,en,False,True,False,1969450815652782348,1,0,1,0,1.732051
1969491748540866639,@echoesofBob https://t.co/r9yw8ZXSoL Peter Green rocks!  Fleetwood Mac sucked afterword!,2025-09-20T19:59:58+00:00,2025-09-20T15:59:58-04:00,en,False,True,False,1969195850346713181,1,0,0,0,1.414214
1969854067783705026,"@finkd Oh, and the sound is epic and will replace AirPods.   Long $meta Short $aapl",2025-09-21T19:59:42+00:00,2025-09-21T15:59:42-04:00,en,False,True,False,1969694733258907682,12,0,4,0,4.123106
1969854065468137510,#RecipeOfTheDay #ROTD üçéüéÇ APPLE WALNUT CAKE! #Autumn #FirstDayOfAutumn #Fall #FirstDayOfFall #Recipe #Recipes #Vegan #Cake #VeganRecipe #VeganRecipes,2025-09-21T19:59:41+00:00,2025-09-21T15:59:41-04:00,en,False,False,True,1969854065468137510,6,3,0,0,3.605551
1969854104760619352,"@TechnicallyTee And just like with almost all ""gates"" on the iPhone it's a total nonissue artificially blown up",2025-09-21T19:59:51+00:00,2025-09-21T15:59:51-04:00,en,False,True,False,1969830968992125332,6,0,0,0,2.645751
1969854121579814924,"@ThanhThanh44200 You're incredible, Faye!  PERAYA LIVE MAC #MacCosmeticsxFaye",2025-09-21T19:59:55+00:00,2025-09-21T15:59:55-04:00,en,False,True,False,1969734342768501080,0,2,0,0,2.236068
1969854046333817277,"@ThanhThanh44200 So proud of you, Faye!  PERAYA LIVE MAC #MacCosmeticsxFaye",2025-09-21T19:59:37+00:00,2025-09-21T15:59:37-04:00,en,False,True,False,1969734342768501080,0,2,0,0,2.236068
1969854003191361649,@limbolime16 Why are u an apple hater :(,2025-09-21T19:59:27+00:00,2025-09-21T15:59:27-04:00,en,False,True,False,1969851369646645469,2,0,1,0,2.000000
1969854120032080199,@mrtechsense Anyways Congratulations üéâüéâüéâ  Sadly sony died and thankfully apple got born.,2025-09-21T19:59:54+00:00,2025-09-21T15:59:54-04:00,en,False,True,False,1969844471719444676,1,0,1,0,1.732051
1969854129498468473,I don‚Äôt just want it‚Ä¶ I need that new orange iPhone üò©üò≠üò≠,2025-09-21T19:59:57+00:00,2025-09-21T15:59:57-04:00,en,False,False,False,1969854129498468473,1,0,0,0,1.414214
1969854080886390917,@CComputerAngel Mac move. MAC MOVE,2025-09-21T19:59:45+00:00,2025-09-21T15:59:45-04:00,ht,False,True,False,1969734439463973281,1,0,0,0,1.414214
1969854002729717819,@dalevon_digital iPhone air pro incoming!,2025-09-21T19:59:27+00:00,2025-09-21T15:59:27-04:00,en,False,True,False,1969850026844176421,0,0,1,0,1.414214
1970216463152607371,Mac rond t‚Äôes 1Ô∏è‚É£ üí©,2025-09-22T19:59:44+00:00,2025-09-22T15:59:44-04:00,en,False,False,True,1970216463152607371,16,5,0,0,5.196152
1970216503044907400,"From serious scientists to a DMT-laser ""scientist"" to a former Buddhist nun.   Tune into Furthure and go farther with @BellevueDoc @emmsskyyy @CarliFrequency @becca_kacanda @ManojDoss   Available on spotify &amp; apple podcast https://t.co/WmkkraFBno https://t.co/icxVJGNQnG",2025-09-22T19:59:53+00:00,2025-09-22T15:59:53-04:00,en,False,False,False,1970216503044907400,7,4,1,1,4.301163
1970216430005350724,@reneistic apple flavor,2025-09-22T19:59:36+00:00,2025-09-22T15:59:36-04:00,en,False,True,False,1970216156553417058,3,0,0,0,2.000000
1970216483843379380,@Smileyyeg I got a bunch of hamburger patties on sale from M &amp; M food market. They aren‚Äôt bad..kind of thin but you can use two. I just make my own now. I haven‚Äôt had a Big Mac for so long tho..now I‚Äôm craving one üòÇ,2025-09-22T19:59:49+00:00,2025-09-22T15:59:49-04:00,en,False,True,False,1970209890783371772,1,0,1,0,1.732051
1970216488826216508,After is the new company with hardware max Apple value but must be less than this because of more competition. Menas nvda and msft donate their wealthy to open ai .intel and arm maybe suppliers for the new hardware .but EU market should banned them and create their company in USA,2025-09-22T19:59:50+00:00,2025-09-22T15:59:50-04:00,en,False,False,False,1970216488826216508,0,0,0,1,1.581139
1970216442193945010,@barryisthedon Nuance?  I preferred Jimmy then. At the same time Mac hired one of the top guys on the market who seemed good so I supported it. I don‚Äôt know that you go to Jimmy now just dump Fick and Mac and let a better AD hire.,2025-09-22T19:59:39+00:00,2025-09-22T15:59:39-04:00,en,False,True,False,1970213010431164469,0,0,0,1,1.581139
1970216522544025916,"@AVGirl4Life Yes üíØ %, just reinstall it on the iPad üòèüëçüèª",2025-09-22T19:59:58+00:00,2025-09-22T15:59:58-04:00,en,False,True,False,1970202374292807993,1,0,0,0,1.414214
1970216512519917979,@PuppiesIover Apple,2025-09-22T19:59:56+00:00,2025-09-22T15:59:56-04:00,en,False,True,False,1970177409321205972,1,0,0,0,1.414214
1970216432060506127,@tonyburkhart @YETICoolers @Apple How did you end up liking this over time?,2025-09-22T19:59:36+00:00,2025-09-22T15:59:36-04:00,en,False,True,False,1754541136364830912,0,0,1,0,1.414214
1970216516802224589,@Graham_SFN Mac Jones and a 3rd who says no?,2025-09-22T19:59:57+00:00,2025-09-22T15:59:57-04:00,en,False,True,False,1970208528968360347,0,0,0,0,1.000000
1970578834907902029,"‚öΩÔ∏è Goalkeeper of the Week ‚öΩÔ∏è  Ella Holland helped EMU post consecutive clean sheets to open MAC play for the first time since 2013, tallying eight saves against Buffalo before making three stops against Toledo.  Holland has played a pivotal role in helping Eastern Michigan get off to a 2-0-0 start in the MAC play, the best start of any school in the conference and EMU's first time winning its first two MAC matches since 2014.  @EMUSoccer | #MACtion",2025-09-23T19:59:40+00:00,2025-09-23T15:59:40-04:00,en,False,False,False,1970578834907902029,14,5,2,0,5.196152
1970578915321401583,excited to go back to my dorm for apple juice https://t.co/Gxe20ZWd6c,2025-09-23T19:59:59+00:00,2025-09-23T15:59:59-04:00,en,False,False,False,1970578915321401583,3,0,1,0,2.236068
1970578912641183817,@asherdipps To me it feels more like a lot of people are now trying the iPhone for the first time with the base iPhone 17 since it's so good,2025-09-23T19:59:59+00:00,2025-09-23T15:59:59-04:00,en,False,True,False,1970552448407478753,4,0,0,0,2.236068
1970578915484958889,Check it out on @Spotify &amp; @AppleMusic as well    Spotify: https://t.co/SXyVZacIEv  Apple Music: https://t.co/6YynmzUKo0,2025-09-23T19:59:59+00:00,2025-09-23T15:59:59-04:00,en,False,True,False,1970578444426584495,0,1,0,0,1.732051
1970578866575216736,@mac_gully And the fact that she changed the gender of every kid she adoptedü§°,2025-09-23T19:59:48+00:00,2025-09-23T15:59:48-04:00,en,False,True,False,1970575253819822562,1,0,1,0,1.732051
1970578898607054952,@apple_terr63815 @its_The_Dr It‚Äôll be a cold day in hell if she ever got even close to the White House.,2025-09-23T19:59:55+00:00,2025-09-23T15:59:55-04:00,en,False,True,False,1970448542331256913,1,0,0,0,1.414214
1970578871230799911,@apple_terr63815 @its_The_Dr God please @AOC and @GavinNewsom RUN FOR THE @WhiteHouse WE CANT WAIT TO SEE THE TRAIN WRECK IT WILL BE @KamalaHarris @GovTimWalz 2.0 @AOC have you learned the 3 branches of gvmnt yet you were not even a good bartender @CAgovernor we all see the train wreck @Cal_OES is NO WAY ETHER OF YOU WIN THE @WhiteHouse @JDVance @DonaldJTrumpJr @marcorubio @TulsiGabbard WLD WIPE THE FLOOR WITH BOTH OF YOU,2025-09-23T19:59:49+00:00,2025-09-23T15:59:49-04:00,en,False,True,False,1970445989220630901,1,0,0,0,1.414214
1970578833213665551,@DylanMcD8 Or maybe apple copied them?,2025-09-23T19:59:40+00:00,2025-09-23T15:59:40-04:00,en,False,True,False,1970305635196576183,0,0,1,0,1.414214
1970578914000167185,@_Mac_lfc get the bag g,2025-09-23T19:59:59+00:00,2025-09-23T15:59:59-04:00,en,False,True,False,1970562429965758644,0,0,0,0,1.000000
1970578878994514221,Who‚Äôs MAC ? https://t.co/TvFl4Zj1Pw,2025-09-23T19:59:50+00:00,2025-09-23T15:59:50-04:00,en,False,False,False,1970578878994514221,0,0,0,0,1.000000
1970941268235780351,49ers injury report: No practice Ricky Pearsall (knee) Jauan Jennings (ankle) Yetur Gross-Matos (knee) CJ West (thumb) Jordan Watkins (calf) Trent Williams (knee/rest) Christian McCaffrey (calf/rest) Limited Brock Purdy (toe) Mac Jones (knee) Renardo Green (neck),2025-09-24T19:59:51+00:00,2025-09-24T15:59:51-04:00,en,False,False,False,1970941268235780351,186,26,24,25,17.334936
1970941269267579123,"Amazingly Christian McCaffrey is the ONLY 49ers offensive weapon that is healthy.   Brock Purdy - toe, shoulder Mac Jones - knee Ricky Pearsall - knee (new) Jauan Jennings - shoulder, ankle George Kittle - hamstring   Both Pearsall and Jennings were DNPs today.",2025-09-24T19:59:51+00:00,2025-09-24T15:59:51-04:00,en,False,False,False,1970941269267579123,218,5,19,1,15.795569
1970941227072881120,@KobeissiLetter Apple has just spent a fortune retooling its entire hardware and software branches to work with ARM (with great success). Why would it be interested in going back to Intel?,2025-09-24T19:59:41+00:00,2025-09-24T15:59:41-04:00,en,False,True,False,1970939538190237971,9,0,0,0,3.162278
1970941228117016794,So apparently I‚Äôm getting my new iPhone 17 pro max in 2 days. @EE you seriously failed on keeping customers updated here. Whoever reads this. Please escalate it couple levels up. I‚Äôm sure higher management would appreciate feedback. Delays happen. But no communication is very poor.,2025-09-24T19:59:41+00:00,2025-09-24T15:59:41-04:00,en,False,False,False,1970941228117016794,3,0,3,0,2.645751
1970941283897426173,"@Elizabe32413720 Who is ""MAC"" as per the blingy gold bracelet on her left wrist? ü§î",2025-09-24T19:59:55+00:00,2025-09-24T15:59:55-04:00,en,False,True,False,1970924101700288853,1,0,1,1,2.121320
1970941225743327487,"Of course, friend! I have plenty of fruits, including apples.  Would you just like the apple or would you like it prepared in a certain way? I'd love to bake for you!  Al Asesino! https://t.co/bQZfzPLgAc",2025-09-24T19:59:41+00:00,2025-09-24T15:59:41-04:00,en,False,False,False,1970941225743327487,3,0,0,0,2.000000
1970941291161956853,@disneytipsguy The iPhone 20? You a time traveler. Some of your stuff looks AI. I mean that as a compliment. LOL,2025-09-24T19:59:56+00:00,2025-09-24T15:59:56-04:00,en,False,True,False,1970664445467930749,1,0,1,0,1.732051
1970941294089470428,Gonna sell call on a Green Day   Probably $225 for this Friday    $aapl $amd $amzn $avgo $blk $btc $clsk $cost $ddm $dia $spx $eth $ibit $gld $goog $jpm $meta $msft $mstr $nvda $oxy $qqq $slv $sol $spy $tsla $tqqq $sqqq $jup $tlt,2025-09-24T19:59:57+00:00,2025-09-24T15:59:57-04:00,en,False,False,True,1970941294089470428,0,0,0,1,1.581139
1970941301655994489,@mac__nelson Bro That thought no go enter your mind for that settings  Everyone was so tensed that day,2025-09-24T19:59:59+00:00,2025-09-24T15:59:59-04:00,en,False,True,False,1970558065637499232,1,0,0,0,1.414214
1970941269074641196,@1classic_lib @BradTheAmerican @Chelseai_Mac @NotAvgLiberal So it just takes an apology to fix joking about killing people?,2025-09-24T19:59:51+00:00,2025-09-24T15:59:51-04:00,en,False,True,False,1970662214056002002,0,0,1,0,1.414214
1971303689609789845,Apple from the tree https://t.co/4UiTEKhCJD,2025-09-25T19:59:59+00:00,2025-09-25T15:59:59-04:00,en,False,False,False,1971303689609789845,9481,453,56,28,102.401172
1971303667442819106,WTT / NFS  HAVE: yunho glasses pc (apple music 3.0 lucky draw)  WANT: naughty detective seonghwa pc!!  ‚ÄºÔ∏èWILLING TO PROVIDE PROOF‚ÄºÔ∏è  US ONLY‚ÄºÔ∏è  please repost ! https://t.co/6gM12G9cTx,2025-09-25T19:59:54+00:00,2025-09-25T15:59:54-04:00,en,False,False,False,1971303667442819106,4,2,1,0,3.162278
1971303580553662478,@AmyMek Shame on Apple.,2025-09-25T19:59:33+00:00,2025-09-25T15:59:33-04:00,en,False,True,False,1971301011357827082,5,1,0,0,2.828427
1971303685360845032,The 2026 Super Bowl halftime show performer will likely be announced soon.  Here‚Äôs why Apple Music sponsors the halftime show: https://t.co/B6X9TYZrue,2025-09-25T19:59:58+00:00,2025-09-25T15:59:58-04:00,en,False,False,False,1971303685360845032,2,1,2,0,2.645751
1971303588539588682,$INTC +9% and trending as reports swirl about $AAPL + other partners backing its AI comeback bid.,2025-09-25T19:59:35+00:00,2025-09-25T15:59:35-04:00,en,False,False,False,1971303588539588682,2,1,0,0,2.236068
1971303684299719020,@deaflibertarian All the time. My kid loves apple butter &amp; p-nut butter sandwiches.,2025-09-25T19:59:58+00:00,2025-09-25T15:59:58-04:00,en,False,True,False,1971180211992658259,2,0,0,0,1.732051
1971303585708486708,"@MLimpact0804 @sep16000 @vegas1216z @x4Eileen @thandar324 @WhalenMona @PaulMer53 @TheJudge96 @DragonSword778 @FatimaSchmitt6 @Lea_Dhai @4_0GTS @TJLakers01 @DameScorpio @heyitsmeCarolyn @janninereid1 @Sky_La2 @emma6USA @827js @peaceful3023 @2Y_Leah @Bart123USA @JessieJaneDuff @thompsonb2569 @SirFlyzalot @texasrecks @MAC_ARMY1 @V_Lady2024 @BobbyReader2 @BeeAwake1 @ricphy2 @cecegkh @thompsonterr @RaniL247 @BookOfGrok1984 @earthing5000 @anneinparadise @end3of6days9 @MysticArrow8 @ArmandKleinX @SD73660 @Rickbarmore @DreamyTechGirl @cassa83072 @MoviesDoe @Rammie24 @NorCal_Patriot . „ÄÄ‚àß,,,‚àß          „ÄÄ(  Ã≥‚Ä¢ ¬∑Ã´ ‚Ä¢ Ã≥)„Å£          ‚≤¶‚≤è‚≤Å‚≤õ‚≤ï ‚≤©‚≤ü‚≥ô (Ôø£‚à™Ôø£Ôø£Ôø£)  @MLimpact0804 ‚ù§Ô∏è ≈¶‡πèll‡πè‡∏¨ Àñ ‡£™ñ•î  ‡£™üîôGood Afternoon  @dreams_Bcn ü¶ã @Imagine269 https://t.co/fwZQFYK1r6",2025-09-25T19:59:34+00:00,2025-09-25T15:59:34-04:00,vi,False,True,False,1970842409987711331,2,0,0,0,1.732051
1971303637084414439,‚Ä¶ the new iPhone 17 is ugly. https://t.co/agNB2zdTei,2025-09-25T19:59:46+00:00,2025-09-25T15:59:46-04:00,en,False,False,False,1971303637084414439,1,0,0,0,1.414214
1971303617169850772,"@AR15_Deplorable @AnxiousHolly Nice try.  You pulled up a graph that didn‚Äôt include the actual iPhone 17 release date‚Ä¶ (which was the 9th September).  Indeed, the stock went down after the ninth. Investors cited lack of innovation, tariff concerns, and disappointing AI strategy.   Now, what did we learn? https://t.co/HJFWDAaExX",2025-09-25T19:59:42+00:00,2025-09-25T15:59:42-04:00,en,False,True,False,1971169350892855451,0,0,1,0,1.414214
1971303688473112982,@eddie_wrt London used iPhone 16 pro max,2025-09-25T19:59:59+00:00,2025-09-25T15:59:59-04:00,en,False,True,False,1971092691380473911,0,0,0,0,1.000000
1971665978825290115,@mac_utdfc @KingMedo04 @chukwukach78049 Bro space still dey never even started inshallah,2025-09-26T19:59:35+00:00,2025-09-26T15:59:35-04:00,en,False,True,False,1971578101542031681,10,7,6,0,5.567764
1971666007027753198,mac dermarco having a smaller font size than addison rae‚Ä¶.  https://t.co/leYsyRywzk,2025-09-26T19:59:42+00:00,2025-09-26T15:59:42-04:00,en,False,False,True,1971666007027753198,18,0,2,0,4.582576
1971665980641497364,Tired of the discourse. Spotify is a mess and apple music is far more organized and clean,2025-09-26T19:59:36+00:00,2025-09-26T15:59:36-04:00,en,False,False,False,1971665980641497364,12,0,0,0,3.605551
1971666047637115273,"@Jpumehana @teameffujoe The iPhone 17 was announced on Sept 9, 2025, and released globally on Sept 19, with availability in Israel starting Sept 26. Reports from sources like X posts and news outlets indicate small batches have reached Gaza shops via smuggling, before Israel's launch.  On the blockade: UN reports as of Sept 10 note severe restrictions on aid, with only 32% of needed food entering early Sept, amid ongoing conflict causing 64,656 deaths since Oct 2023. Aid access is impeded, leading to malnutrition and famine risks.",2025-09-26T19:59:52+00:00,2025-09-26T15:59:52-04:00,en,False,True,False,1971624775480135711,2,1,1,0,2.449490
1971665986622468591,"@Valeramoon @andres_vidoza If you have airpods pro 2, you remember that first time you put them on, and it felt like the world just disappears? They're good enough that you feel that again",2025-09-26T19:59:37+00:00,2025-09-26T15:59:37-04:00,en,False,True,False,1971593135664009347,3,0,1,0,2.236068
1971666039848182037,"Upgraded to Mac, lessgoo!!!!! https://t.co/H6yhQhU5Gv",2025-09-26T19:59:50+00:00,2025-09-26T15:59:50-04:00,en,False,False,False,1971666039848182037,2,0,1,0,2.000000
1971666025029718247,"@CAichs11496 @Preshie2345 @Jxxxyxxa @kristywxj That old creep and rich? Hah, nice joke. Three agencies and zero proof of innocence. Dubious ""lawyers"" who cannot differentiate from apple to zebra but please vomit on yourself while you try to understand my life that has enough wealth and love",2025-09-26T19:59:46+00:00,2025-09-26T15:59:46-04:00,en,False,True,False,1970748634926063685,2,0,1,0,2.000000
1971666013709340855,"@ab198499 @BGatesIsaPyscho Facial recognition via cameras is technically feasible with AI. Capturing a phone's IP address passively isn't standard‚Äîphones don't broadcast IPs. It might involve WiFi/Bluetooth sniffers grabbing MAC addresses or IMSI catchers for cellular data, but no confirmed UK deployments link them directly.  To block: Turn off WiFi/Bluetooth, use airplane mode or Faraday bags, wear face coverings (check local laws). Use VPNs for general IP privacy. I'm uncertain on exact implementations.",2025-09-26T19:59:44+00:00,2025-09-26T15:59:44-04:00,en,False,True,False,1971664907197092259,2,0,1,0,2.000000
1971665971439095984,@DeItaone Apple designed in California made in Chinaaa,2025-09-26T19:59:34+00:00,2025-09-26T15:59:34-04:00,en,False,True,False,1971665129881370997,1,0,0,0,1.414214
1971666059615969499,Apple Builds a ChatGPT-Like App to Help Test the Revamped Siri https://t.co/uKsHlvnvJ2,2025-09-26T19:59:55+00:00,2025-09-26T15:59:55-04:00,en,False,False,False,1971666059615969499,0,0,0,0,1.000000
1972028417207160967,Yall are manipulating yourselves into buying useless shit you dont need (tweeted from iphone 7 plus),2025-09-27T19:59:47+00:00,2025-09-27T15:59:47-04:00,en,False,False,True,1972028417207160967,10,1,2,0,3.872983
1972028396915118110,"@sondesix is it highly likely that in one ui 8.5, samsung is gonna implement their own design language of frosted glass centered theme in system level implementation just like liquid glass of apple's iOS?",2025-09-27T19:59:42+00:00,2025-09-27T15:59:42-04:00,en,False,True,False,1972026668991807937,12,0,0,0,3.605551
1972028464925757793,iPad Air M3 chip 128gb WiFi and cellular https://t.co/datfTPHwLy,2025-09-27T19:59:59+00:00,2025-09-27T15:59:59-04:00,en,False,False,False,1972028464925757793,3,0,0,0,2.000000
1972028396126589254,@WizStatz Apple Music boss,2025-09-27T19:59:42+00:00,2025-09-27T15:59:42-04:00,en,False,True,False,1972024049456107589,2,0,0,0,1.732051
1972028364493050103,@birdabo404 And buying a Mac. It's the most life changing thing I tell you. Windows is garbage,2025-09-27T19:59:35+00:00,2025-09-27T15:59:35-04:00,en,False,True,False,1971930352831865031,2,0,0,0,1.732051
1972028406670975003,Yes I know that he was Australian but he started acting like a fool after your grandfather left for the land of Apple Pie and Lynchings.,2025-09-27T19:59:45+00:00,2025-09-27T15:59:45-04:00,en,False,False,True,1972028406670975003,0,0,1,0,1.414214
1972028466750251109,@GovKathyHochul NY needs to partner up with Apple Wallet. This app doesn‚Äôt allow you to use your ID without opening your phone. The app is not user friendly. Go to the App Store and look at the reviews. It has 1.9 stars.,2025-09-27T19:59:59+00:00,2025-09-27T15:59:59-04:00,en,False,False,True,1972028466750251109,0,0,0,0,1.000000
1972028464380498402,@JamesReeceSOG @loonatic71 @PaulHodowanic As if any government can control Boabie Mac.,2025-09-27T19:59:59+00:00,2025-09-27T15:59:59-04:00,en,False,True,False,1971969702131114286,0,0,0,0,1.000000
1972028457166295215,"@floydescence @LeadingReport Yes, according to Freddie Mac data, average 30-year fixed mortgage rates dropped from 7.04% in mid-January 2025 to 6.30% as of September 25, 2025, following the Fed's rate cut. Trump's administration has highlighted this decline.",2025-09-27T19:59:57+00:00,2025-09-27T15:59:57-04:00,en,False,True,False,1972027909708845490,0,0,0,0,1.000000
1972028433648832530,"Anxiety is your brain‚Äôs alarm system. But when it‚Äôs oversensitive, it goes off when nothing‚Äôs wrong. That‚Äôs why you feel tense even in safe moments.  In this clip from The Premier Mindset, I share how to retrain it so you can stay calm + focused.  üéß Full ep on Spotify/Apple https://t.co/EFtVoDo81T",2025-09-27T19:59:51+00:00,2025-09-27T15:59:51-04:00,en,False,False,False,1972028433648832530,0,0,0,0,1.000000
1972390840237760719,@Doss_lol @StrikerLoLcoach Distracted ? Bro speak like apple is not a pervert lol,2025-09-28T19:59:56+00:00,2025-09-28T15:59:56-04:00,en,False,True,False,1972388179430064415,19,0,0,1,4.636809
1972390834755813533,I literally have the most abusive relationship with OBS and streaming from Mac. They just hate each other. I had to delete the entire software for my PC and set up everything back on my OBS scenes and all. https://t.co/JvmnRsoE9k,2025-09-28T19:59:54+00:00,2025-09-28T15:59:54-04:00,en,False,False,False,1972390834755813533,7,0,2,0,3.162278
1972390817445953877,@wibbsalt twitter for iPad used to be really funny,2025-09-28T19:59:50+00:00,2025-09-28T15:59:50-04:00,en,False,True,False,1972310100846248348,2,0,0,0,1.732051
1972390763909837131,@TonyMallon14 @ah_mac @niamh_journo Not particularly the kind of libertarian you're thinking on. I'm an old school Proudhonian and Tuckerite.,2025-09-28T19:59:38+00:00,2025-09-28T15:59:38-04:00,en,False,True,False,1972200775574249574,1,0,1,0,1.732051
1972390851734360249,‚Ä¶and my AirPods died on me as I pressed post,2025-09-28T19:59:58+00:00,2025-09-28T15:59:58-04:00,en,False,True,False,1972390676521496843,1,0,0,0,1.414214
1972390784705208708,Learn how to use AI so that you sef fit lift aeroplaneüòÇü§ùüèø  iPhone 18 go soon comot go dey prepare,2025-09-28T19:59:42+00:00,2025-09-28T15:59:42-04:00,en,False,False,False,1972390784705208708,1,0,0,0,1.414214
1972390827306680424,Apple cinnamon chamomile tea &gt;&gt;&gt;&gt;,2025-09-28T19:59:53+00:00,2025-09-28T15:59:53-04:00,en,False,False,False,1972390827306680424,0,0,0,0,1.000000
1972390818439930280,iPhone 17 or me? https://t.co/medUYiYcrs,2025-09-28T19:59:51+00:00,2025-09-28T15:59:51-04:00,en,False,False,False,1972390818439930280,0,0,0,0,1.000000
1972390803533439036,@theonecid Easy. That vile iphone.,2025-09-28T19:59:47+00:00,2025-09-28T15:59:47-04:00,en,False,True,False,1971980792386748602,0,0,0,0,1.000000
1972390799334936640,@AxVillion need my apple pencil bad,2025-09-28T19:59:46+00:00,2025-09-28T15:59:46-04:00,en,False,True,False,1972383180666872263,0,0,0,0,1.000000
1972753144439591166,@SavageSports_ @Arsnault You did this with Mac Jones BTW,2025-09-29T19:59:36+00:00,2025-09-29T15:59:36-04:00,en,False,True,False,1972420978048385402,22,0,0,0,4.795832
1972753226421432672,"Bad Bunny gave his first interview to Apple Music's Zane Lowe and Ebro Darden, discussing his excitement over his performance and his goals for the show.   ‚ÄúI‚Äôm going to enjoy. I‚Äôm going to embrace the moment. I‚Äôm going to show what we have, our music, our culture...‚Äù https://t.co/TehYImgfpj",2025-09-29T19:59:55+00:00,2025-09-29T15:59:55-04:00,en,False,True,False,1972747664900211017,11,0,2,0,3.741657
1972753173430624553,"@Faka_of_west219 @igolieforyou1 Because of one white and black Faka for twitter, make my phone off when I leave house. For country wey no get stable light.  My iPhone God will take you",2025-09-29T19:59:43+00:00,2025-09-29T15:59:43-04:00,en,False,True,False,1972728279472943418,8,0,0,0,3.000000
1972753213192605813,@M_A_N_ofLetters @kirawontmiss Bad Bunny is as American as apple pie and tax evasion,2025-09-29T19:59:52+00:00,2025-09-29T15:59:52-04:00,en,False,True,False,1972507639201644750,3,0,0,0,2.000000
1972753181299126727,"@davepperlmutter @X You can't ask a dead man who pulled the trigger. 'A Tangled Web' is a contemporary thriller set in northern Scotland. Oldshoremore in Sutherland, seen on the cover, is a key location. Available as an eBook on Kindle, Kobo or Apple. Find out more: https://t.co/8g3Wvvcoty https://t.co/Gr3GW3kAaE",2025-09-29T19:59:45+00:00,2025-09-29T15:59:45-04:00,en,False,True,False,1972549923708031467,3,0,0,0,2.000000
1972753212341162037,"@Derahback Lol‚Ä¶also note that Spotify are not the only streaming platform in the  world, they didn‚Äôt even make top 5 in the worldüòÇüòÇüòÇ Tencent Music  Apple Music Amazon Music Unlimited Gaana SoundCloud Spotify iHeartRadio Tidal Deezer https://t.co/ppXlFaqmHx",2025-09-29T19:59:52+00:00,2025-09-29T15:59:52-04:00,en,False,True,False,1972688520868204893,0,0,2,0,1.732051
1972753147086131297,@Adammartin404 @cassi_apple all i'm hearing is that he had bad jury management and lost the game because of it,2025-09-29T19:59:36+00:00,2025-09-29T15:59:36-04:00,en,False,True,False,1972482974294888502,2,0,0,0,1.732051
1972753144703807551,@neuvibottz i‚Äôm a bit scared but i‚Äôll find an alternatives. and baked apples are so good i can‚ÄôtüòÆ‚Äçüí® also i could make an apple crumble with thatüòõ,2025-09-29T19:59:36+00:00,2025-09-29T15:59:36-04:00,en,False,True,False,1972747319348261312,1,0,1,0,1.732051
1972753139922321755,@kusssman See all this iPhone users with zero knowledge of phone just camera na hin full Una head üò≠üòÇ,2025-09-29T19:59:35+00:00,2025-09-29T15:59:35-04:00,en,False,True,False,1972675284391346207,2,0,0,0,1.732051
1972753196595749318,"@Lloyd_Magau @Boyzn_uWandile Just out of curiosity, have you ever seen A Reece's apple music numbers?",2025-09-29T19:59:48+00:00,2025-09-29T15:59:48-04:00,en,False,True,False,1972648997140807978,0,0,1,0,1.414214
1973115559148658849,"@ProfTimNoakes Our interview with @FructoseNo is now live. You are mentioned, as are other trailblazers who will not be silenced. I called the episode: Restoration of Science in Service to Humanity.  Links:  Apple Podcast  https://t.co/t6pf5wFlPQ  Spotify  https://t.co/cL5hakcOoO",2025-09-30T19:59:42+00:00,2025-09-30T15:59:42-04:00,en,False,False,False,1973115559148658849,8,4,1,0,4.242641
1973115581021790642,@taylornation13 the cracking Apple Music picture too AHHHHHHHY https://t.co/OleloRCvdo,2025-09-30T19:59:47+00:00,2025-09-30T15:59:47-04:00,en,False,True,False,1973115057384071587,4,0,0,0,2.236068
1973115571399975061,@taylornation13 why do i feel like the cracks on apple music have to do with you calling the stage a key üëÄ #TSTheLifeofaShowgirl,2025-09-30T19:59:45+00:00,2025-09-30T15:59:45-04:00,en,False,True,False,1973114922755350683,4,0,0,0,2.236068
1973115548503515147,apple pie,2025-09-30T19:59:40+00:00,2025-09-30T15:59:40-04:00,en,False,False,True,1973115548503515147,1,0,0,1,1.870829
1973115580006981830,"@sudoredj The truth is majority of the population is as good with tech as our grandparents (at best). It‚Äôs true, that Apple imposes artificial limitations on their users, but that‚Äôs not because it‚Äôs psychological malware. It‚Äôs just nature bro",2025-09-30T19:59:47+00:00,2025-09-30T15:59:47-04:00,en,False,True,False,1973106321642618928,0,0,1,0,1.414214
1973115579646222776,"@Robo_HypeBD Better keep an eye on that apple then, the second you take your eye off it for even a picosecond it‚Äôll be gone",2025-09-30T19:59:47+00:00,2025-09-30T15:59:47-04:00,en,False,True,False,1973108658071277992,1,0,0,0,1.414214
1973115609085878482,@Breaking911 @FoxNews Is Tim Apple in there?,2025-09-30T19:59:54+00:00,2025-09-30T15:59:54-04:00,en,False,True,False,1973102237850157168,0,0,0,0,1.000000
1973115599149564139,@BacTeRiiA_TV @Genki_JPN On iphone  3,2025-09-30T19:59:52+00:00,2025-09-30T15:59:52-04:00,en,False,True,False,1973042524265873887,0,0,0,0,1.000000
1973115584863937016,@TheGriftReport Could eat an apple through a letterbox,2025-09-30T19:59:48+00:00,2025-09-30T15:59:48-04:00,en,False,True,False,1972988052026150951,0,0,0,0,1.000000
1973115557051543600,"@TheKopWatch I‚Äôd take frimpong and jones off , bring on Mac and Salah, and also gapko off for Isak put ekitike on left, Salah on right and Isak in middle open the front up and control the midfield more",2025-09-30T19:59:42+00:00,2025-09-30T15:59:42-04:00,en,False,True,False,1973114245291151784,0,0,0,0,1.000000
1973477936096321974,"#20 - Is The 525 Rookie WR Yardage Total A Myth?  üìäüèà ‚ÄúDoes It Matter?‚Äù, Part 20 podcast is here! With this Wide Receiver analysis, we found a rookie yardage threshold with an elite performance rate increaseüí™  üßµSee thread for Apple Podcast, Spotify, YouTube, and Ultimate Athlete Blueprint links ‚¨áÔ∏è",2025-10-01T19:59:40+00:00,2025-10-01T15:59:40-04:00,en,False,False,False,1973477936096321974,7,5,1,0,4.358899
1973477870275272805,@DrJebaim It's 6 miles from $MP mine which has a multi year deal with Apple & investment from government   Same geological rock  Proven gold reserves worth 4X the marketcap (not sure how much is truly extractable)  White House press releases has already mentioned their mine  Just a matter of time people become aware of it,2025-10-01T19:59:24+00:00,2025-10-01T15:59:24-04:00,en,False,True,False,1973453813181972493,11,0,2,1,3.937004
1973477980761661466,"@ChibweLumpa Having owned the overhyped iphone for two years, I am happier with my Google pixel. Never been a Samsung lover before though had a fling with Huawei",2025-10-01T19:59:50+00:00,2025-10-01T15:59:50-04:00,en,False,True,False,1973104172099678278,4,1,1,1,3.082207
1973477987812253859,@TheBuckeyeNut OU left tackle is probably the best left tackle in the MAC.,2025-10-01T19:59:52+00:00,2025-10-01T15:59:52-04:00,en,False,True,False,1973404869131489568,5,0,2,0,2.828427
1973477890168856579,@mddyluvsbeatlez john ate the whole thing cause he loves the big apple,2025-10-01T19:59:29+00:00,2025-10-01T15:59:29-04:00,en,False,True,False,1973392704294826097,5,0,0,0,2.449490
1973477948234625405,nickiana been dead ever since nicki tried to pull that nasty shit with shete and mac,2025-10-01T19:59:42+00:00,2025-10-01T15:59:42-04:00,en,False,False,False,1973477948234625405,3,0,0,0,2.000000
1973477883030233542,"@rohanlove98 @ManMilk2 No, this is a satirical meme. There's no evidence from credible sources that JD Vance's iPad screen time was actually increased to 3 hours. It's likely just humor.",2025-10-01T19:59:27+00:00,2025-10-01T15:59:27-04:00,en,False,True,False,1973462922119528936,3,0,0,0,2.000000
1973477982510686478,@dudufolio I WANT  APPLE CASH IN THE FUCKING EU,2025-10-01T19:59:51+00:00,2025-10-01T15:59:51-04:00,en,False,True,False,1973444766483484891,1,0,0,0,1.414214
1973478006992806205,"@jaeyunsexual Hold on my iPad died, login now and get back üò≠",2025-10-01T19:59:56+00:00,2025-10-01T15:59:56-04:00,en,False,True,False,1973477844652319049,0,0,0,0,1.000000
1973477983609561128,@ImRikuVT 7 ^u^ just me and my iPad against the world,2025-10-01T19:59:51+00:00,2025-10-01T15:59:51-04:00,en,False,True,False,1973474391376994374,0,0,0,0,1.000000
